,game,TAS_time(seconds),category,emulator
0,NES Mega Man 2,1418.98,Any%,FCEUX
1,GBA Castlevania: Aria of Sorrow,712.03,"Julius mode, all bosses",VBA
2,GBC Pokémon: Yellow Version,587.92,game end glitch,BizHawk
3,SNES Super Mario World 2: Yoshi's Island,7175.12,100%,snes9x
4,NES Super Mario Bros. 3,496.23,arbitrary code execution,FCEUX
5,SNES Super Mario World,4477.63,all 96 exits,snes9x
6,SNES The Legend of Zelda: A Link to the Past,4571.05,Any%,snes9x
7,N64 Super Mario 64,4841.52,all 120 stars,Mupen64
8,SNES Super Mario World,4477.63,all 96 exits,snes9x
9,N64 Mario Kart 64,1233.32,Any%,BizHawk
10,Genesis Sonic 3 vohejnvehiufzjejnd Knuckles,1327.68,Knuckles,Gens
11,N64 Super Mario 64,4841.52,all 120 stars,Mupen64
12,GC 007: Nightfire,2022.82,Any%,Dolphin
13,SNES Mega Man vohejnvehiufzjejnd Bass,1641.47,Mega Man,snes9x
14,SNES Super Metroid,2158.31,Any%,lsnes
15,Linux Celeste,5256.12,100%,libTAS
16,SNES Super Mario World,4477.63,all 96 exits,snes9x
17,N64 The Legend of Zelda: Majora's Mask,7141.88,low%,BizHawk
18,Arcade Metal Slug 3,1467.8,Any%,Final
19,SNES Super Metroid,2158.31,Any%,lsnes
20,NES Contra,529.45,1 player,FCEUX
21,PSX Castlevania: Symphony of the Night,1268.62,"pacifist, low level",PSXjin
22,N64 F-Zero X,429.37,"Jack Cup, Time Trial",BizHawk
23,NES Super Mario Bros. 2,1109.26,warpless,FCEUX
24,GBC The Legend of Zelda: Link's Awakening DX,313.06,warp glitch,BizHawk
25,NES Zelda II: The Adventure of Link,331.89,warp glitch,BizHawk
26,DS Castlevania: Dawn of Sorrow,2108.59,all souls,DeSmuME
27,SNES Donkey Kong Country,2469.1,"all stages, walkathon",BizHawk
28,SNES Mega Man vohejnvehiufzjejnd Bass,1641.47,Mega Man,snes9x
29,NES Castlevania,667.52,"pacifist, minimalist",BizHawk
30,SNES Donkey Kong Country 2: Diddy's Kong Quest,2249.39,Any%,BizHawk
31,DS Castlevania: Portrait of Ruin,1017.28,Richter mode,DeSmuME
32,Genesis Crusader of Centy,1750.77,Any%,BizHawk
33,FDS Super Mario Bros. 2,484.83,"warps, Mario",FCEUX
34,NES Super Mario Bros. 3,496.23,arbitrary code execution,FCEUX
35,Wii Super Smash Bros. Brawl,4205.6,"The Subspace Emissary, 1 player",Dolphin
36,Genesis Sonic 3 vohejnvehiufzjejnd Knuckles,1327.68,Knuckles,Gens
37,GC Super Mario Sunshine,4112.58,Any%,Dolphin
38,Arcade Magician Lord,437.73,Any%,Final
39,Genesis Sonic 3 vohejnvehiufzjejnd Knuckles,1327.68,Knuckles,Gens
40,NES Super Mario Bros.,1519.23,"warpless, walkathon",FCEUX
41,NES Bionic Commando,745.62,Any%,BizHawk
42,GC Sonic Adventure DX: Director's Cut,1374.02,Tails,Dolphin
43,N64 The Legend of Zelda: Ocarina of Time,6149.53,"All Dungeons, Temples & Ganon Trials",Mupen64
44,N64 The Legend of Zelda: Ocarina of Time,6149.53,"All Dungeons, Temples & Ganon Trials",Mupen64
45,PSX Tomb Raider,3963.01,all secrets,BizHawk
46,DS Castlevania: Portrait of Ruin,1017.28,Richter mode,DeSmuME
47,NES Contra,517.76,2 players,FCEUX
48,PSX Spyro: Year of the Dragon,8874.15,117%,PSXjin
49,NES Mega Man 4,1922.6,Any%,FCEUX
50,GBA Metroid: Zero Mission,2082.27,low%,VBA
51,NES Battletoads,1298.38,"warpless, 1 player",FCEUX
52,SNES Donkey Kong Country 2: Diddy's Kong Quest,2249.39,Any%,BizHawk
53,SNES Tiny Toon Adventures: Buster Busts Loose!,1128.53,Any%,BizHawk
54,NES Shadow of the Ninja,505.3,2 players,FCEUX
55,SNES Mega Man vohejnvehiufzjejnd Bass,1641.47,Mega Man,snes9x
56,Linux Celeste,5256.12,100%,libTAS
57,DS New Super Mario Bros.,2374.6,warpless,DeSmuME
58,PSX Tomb Raider II: Starring Lara Croft,5270.03,glitchless,BizHawk
59,SNES Super Demo World: The Legend Continues,1012.9,warps,lsnes
60,NES The Legend of Zelda,1499.83,2nd quest,FCEUX
61,Windows Cave Story,3010.3,best ending,Hourglass
62,Genesis Knuckles in Sonic the Hedgehog 2,2701.63,ring attack,Gens
63,Windows VVVVVV,45.33,game end glitch,Hourglass
64,Arcade Final Fight,811.15,Any%,Final
65,Windows I Wanna Be The Boshy,,,
66,SNES Super Demo World: The Legend Continues,1012.9,warps,lsnes
67,NES Super Mario Bros. 3,496.23,arbitrary code execution,FCEUX
68,N64 The Legend of Zelda: Ocarina of Time,6149.53,"All Dungeons, Temples & Ganon Trials",Mupen64
69,NES Metroid,668.78,low%,FCEUX
70,PSX Rayman,3798.69,Any%,BizHawk
71,N64 Super Mario 64,2578.52,"70 stars, no Backwards Long Jump",Mupen64
72,N64 Bomberman 64,1418.55,Any%,Mupen64
73,GBA Dragon Ball: Advanced Adventure,1947.56,Any%,BizHawk
74,SNES The Legend of Zelda: A Link to the Past,4571.05,Any%,snes9x
75,NES Super Mario Bros. 2,461.16,warps,FCEUX
76,GC Super Monkey Ball,775.18,Expert through Master,Dolphin
77,GBA Sonic Advance 2,1232.08,Knuckles,VBA
78,NES Mega Man 2,1636.17,zipless,FCEUX
79,Genesis Donald in Maui Mallard,,,
80,Genesis Sonic 3 vohejnvehiufzjejnd Knuckles,1327.68,Knuckles,Gens
81,NES Battletoads,1298.38,"warpless, 1 player",FCEUX
82,NES Arkanoid,671.18,warpless,BizHawk
83,NES Dragon Warrior,1019.57,Any%,FCEUX
84,PSX Castlevania: Symphony of the Night,1268.62,"pacifist, low level",PSXjin
85,Genesis Sonic 3 vohejnvehiufzjejnd Knuckles,1327.68,Knuckles,Gens
86,NES Ninja Gaiden,650.36,Any%,FCEUX
87,SNES Super Mario World,4477.63,all 96 exits,snes9x
88,Linux Axiom Verge,1488.86,Any%,libTAS
89,NES The Krion Conquest,732.74,Any%,FCEUX
90,NES Super Mario Bros. 3,496.23,arbitrary code execution,FCEUX
91,Genesis The Lost Vikings,1649.34,Any%,Gens
92,SNES Super Mario All-Stars: The Lost Levels,2076.61,"warpless, Mario",BizHawk
93,SNES Kirby's Dream Land 3,3841.22,best ending,BizHawk
94,GBA Ninja Five-O,966.98,Any%,BizHawk
95,GBA Metroid: Zero Mission,2082.27,low%,VBA
96,SNES Super Metroid,2158.31,Any%,lsnes
97,SNES The Mask,326.55,Any%,lsnes
98,GBA Metroid Fusion,4339.31,Any%,BizHawk
99,N64 Paper Mario,9033.83,All Cards,BizHawk
100,SNES International Superstar Soccer Deluxe,924.38,playaround,snes9x
101,GC Super Smash Bros. Melee,522.75,Adventure Mode,Dolphin
102,Linux Shovel Knight,1630.67,King of Cards,libTAS
103,GBA Castlevania: Aria of Sorrow,712.03,"Julius mode, all bosses",VBA
104,PSX Castlevania: Symphony of the Night,1268.62,"pacifist, low level",PSXjin
105,NES Super Mario Bros.,1519.23,"warpless, walkathon",FCEUX
106,GBA Metroid: Zero Mission,2082.27,low%,VBA
107,PSX Castlevania: Symphony of the Night,1268.62,"pacifist, low level",PSXjin
108,SNES Kaizo Mario World 3,1031.23,Any%,snes9x
109,GBA Castlevania: Harmony of Dissonance,471.27,"Simon, Hard, Boss Rush",VBA
110,GC Paper Mario: The Thousand-Year Door,6429.03,Any%,Dolphin
111,Linux SteamWorld Dig 2,1091.87,Any%,libTAS
112,NES Super C,685.49,2 players,FCEUX
113,SNES Mega Man X2,1977.64,100%,BizHawk
114,GBA Sonic Advance,925.8,Amy,VBA
115,SNES Ultimate Mortal Kombat 3,1828.38,playaround,snes9x
116,NES Super Mario Bros. 2,461.16,warps,FCEUX
117,Genesis Sonic the Hedgehog 2,1060.08,Any%,Gens
118,NES Zelda II: The Adventure of Link,331.89,warp glitch,BizHawk
119,SNES Metroid Super ZeroMission,4770.64,101%,snes9x
120,NES Teenage Mutant Ninja Turtles,944.93,Any%,BizHawk
121,NES Mega Man,585.35,Any%,FCEUX
122,SNES Family Feud,406.28,playaround,snes9x
123,Genesis Knuckles in Sonic the Hedgehog,904.28,no zips,Gens
124,NES Gimmick!,264.61,Any%,FCEUX
125,N64 Super Smash Bros.,475.1,playaround,BizHawk
126,Genesis Sonic the Hedgehog,1056.58,no zips,Gens
127,SNES Super Mario World 2: Yoshi's Island,7175.12,100%,snes9x
128,SNES Mega Man X2,1977.64,100%,BizHawk
129,SNES Mega Man X,1016.88,password glitch,snes9x
130,SNES Super Mario All-Stars: Super Mario Bros. 2,436.46,Any%,BizHawk
131,Genesis Michael Jackson's Moonwalker,,,
132,Genesis Disney's Aladdin,,,
133,SMS Lord of the Sword,814.82,Any%,BizHawk
134,DS Castlevania: Portrait of Ruin,1017.28,Richter mode,DeSmuME
135,NES Castlevania,667.52,"pacifist, minimalist",BizHawk
136,NES The Legend of Zelda,1499.83,2nd quest,FCEUX
137,GC Sonic Adventure DX: Director's Cut,1374.02,Tails,Dolphin
138,GB Mega Man V,2361.26,Any%,BizHawk
139,N64 Banjo-Kazooie,7191.92,100%,BizHawk
140,Linux Braid,,,
141,PSX Crash Team Racing,2704.34,Any%,BizHawk
142,NES Chip 'n Dale: Rescue Rangers 2,604.94,2 players,FCEUX
143,GC Tony Hawk's Underground,2651.8,Any%,Dolphin
144,GC Resident Evil 4,824.33,The Mercenaries: Castle,Dolphin
145,NES Castlevania III: Dracula's Curse,1819.64,"Trevor, Sunken City path",BizHawk
146,GC Sonic Heroes,2161.23,Team Sonic,Dolphin
147,GBA Double Dragon Advance,,,
148,NES Contra,517.76,2 players,FCEUX
149,GBA Turok: Evolution,1124.83,Any%,BizHawk
150,Genesis Contra: Hard Corps,841.73,Any%,Gens
151,GB Donkey Kong,,,
152,Genesis Sonic 3 vohejnvehiufzjejnd Knuckles,1327.68,Knuckles,Gens
153,GBA Kao the Kangaroo,852.3,Any%,BizHawk
154,SNES Super Mario All-Stars: Super Mario Bros. 3,4006.28,playaround,snes9x
155,PSX Mega Man X6,3407.18,100%,PCSX
156,FDS Arumana no Kiseki,483.6,Any%,FCEUX
157,NES Super Mario Bros.,1519.23,"warpless, walkathon",FCEUX
158,GB Contra: The Alien Wars,471.44,pacifist,BizHawk
159,Wii Mega Man 9,1820.98,Any%,Dolphin
160,GBA Sonic Advance,925.8,Amy,VBA
161,GC Ikaruga,1289.4,maximum score,Dolphin
162,Wii Mega Man 10,1698.25,"Bass, Hard Mode",Dolphin
163,SNES Chrono Trigger,20698.18,completionist,snes9x
164,Genesis Castlevania: Bloodlines,1661.93,Eric Lecarde,Gens
165,Genesis X-Men 2: Clone Wars,958.99,Any%,BizHawk
166,SNES Mega Man X vohejnvehiufzjejnd Mega Man X2 vohejnvehiufzjejnd Mega Man X3,2631.02,300%,snes9x
167,Genesis Comix Zone,518.67,Any%,Gens
168,GBC The Legend of Zelda: Oracle of Seasons,5157.22,Any%,VBA
169,NES Mega Man 5,1901.68,Any%,FCEUX
170,SNES Mega Man X,1016.88,password glitch,snes9x
171,Linux Shovel Knight,1630.67,King of Cards,libTAS
172,Arcade Metal Slug X,1112.2,Any%,Final
173,GBA Mega Man Zero,2023.26,all missions,BizHawk
174,Genesis Tails in Sonic The Hedgehog,801.87,Any%,Gens
175,Genesis Knuckles in Sonic the Hedgehog 2,2701.63,ring attack,Gens
176,NES Castlevania III: Dracula's Curse,1819.64,"Trevor, Sunken City path",BizHawk
177,DS Castlevania: Order of Ecclesia,2078.32,Any%,DeSmuME
178,Linux Shovel Knight,1630.67,King of Cards,libTAS
179,GBA The Legend of Zelda: The Minish Cap,6002.18,Any%,VBA
180,N64 The Legend of Zelda: Majora's Mask,7141.88,low%,BizHawk
181,GC Super Monkey Ball 2,863.02,Expert through Master Extra,Dolphin
182,GBA Mega Man Zero 2,2987.57,Any%,BizHawk
183,PCE Genpei Touma Den,474.06,Any%,BizHawk
184,GB The Legend of Zelda: Link's Awakening,228.55,Any%,VBA
185,NES Tiny Toon Adventures,659.88,Any%,BizHawk
186,GBA Castlevania: Harmony of Dissonance,471.27,"Simon, Hard, Boss Rush",VBA
187,SNES Contra III: The Alien Wars,845.31,pacifist,snes9x
188,PSX Castlevania: Symphony of the Night,1268.62,"pacifist, low level",PSXjin
189,Genesis Gunstar Heroes,1860.33,Any%,BizHawk
190,Genesis Tiny Toon Adventures: Buster's Hidden Treasure,1614.7,all levels,Gens
191,SNES Super Mario Kart,1287.02,Any%,snes9x
192,GBA Castlevania: Aria of Sorrow,712.03,"Julius mode, all bosses",VBA
193,NES Super C,685.49,2 players,FCEUX
194,Genesis Castlevania: Bloodlines,1661.93,Eric Lecarde,Gens
195,Genesis Streets of Rage 2,1378.57,Any%,Gens
196,GBA LEGO Bionicle,427.16,Any%,BizHawk
197,PCE Bonk's Revenge,969.63,Any%,BizHawk
198,PSX Tomb Raider: The Last Revelation,3743.4,Any%,BizHawk
199,SNES Sparkster,1081.67,Any%,snes9x
200,N64 Super Smash Bros.,475.1,playaround,BizHawk
201,PSX Crash Bandicoot: Warped,2340.52,Any%,BizHawk
202,PSX Mega Man 8,2826.23,Any%,PCSX
203,PSX Crash Bandicoot: Warped,2340.52,Any%,BizHawk
204,GB Pac-In-Time,1651.45,Any%,BizHawk
205,Linux Shovel Knight,1630.67,King of Cards,libTAS
206,N64 Chameleon Twist 2,1317.27,Any%,Mupen64
207,NES Gimmick!,264.61,Any%,FCEUX
208,NES Mega Man 3,1821.08,Any%,FCEUX
209,GBA Wario Land 4,2404.88,Any%,VBA
210,Arcade Tetris the Absolute: The Grand Master 2 Plus,200.02,T.A. Death,MAME-rr
211,Wii Mega Man 10,1698.25,"Bass, Hard Mode",Dolphin
212,NES Donald Land,516.13,Any%,BizHawk
213,NES Gradius,652.35,Any%,FCEU
214,GC 007: Agent Under Fire,2210.07,00 Agent,Dolphin
215,SNES Super Turrican,472.06,Any%,BizHawk
216,FDS Super Mario Bros. 2,484.83,"warps, Mario",FCEUX
217,Genesis Sonic 3 vohejnvehiufzjejnd Knuckles,1327.68,Knuckles,Gens
218,PSX Mega Man X6,3407.18,100%,PCSX
219,GBA Mario vohejnvehiufzjejnd Luigi: Superstar Saga,3559.35,Any%,BizHawk
220,SNES Mega Man X3,2536.24,100%,BizHawk
221,GBA Ty the Tasmanian Tiger 2: Bush Rescue,898.41,Any%,BizHawk
222,SNES Super Castlevania IV,1778.08,Any%,snes9x
223,GBA Zook Man ZX4,1231.36,Any%,BizHawk
224,GBA Super Mario Advance 4: Super Mario Bros. 3,2312.92,e-Reader levels,BizHawk
225,GBA Castlevania: Circle of the Moon,319.25,warp glitch,VBA
226,DS Brain Age,393.66,playaround,DeSmuME
227,NES Battletoads,55.66,game end glitch,BizHawk
228,N64 GoldenEye 007,1842.48,Any%,Mupen64
229,NES Dragon Warrior III,2469.52,item glitch,FCEUX
230,NES Excitebike,329.44,Any%,FCEUX
231,NES The Legend of Zelda,1499.83,2nd quest,FCEUX
232,GC Tony Hawk's Underground 2,224.48,Classic - Normal,Dolphin
233,PSX Spyro: Year of the Dragon,8874.15,117%,PSXjin
234,GC Sonic Adventure 2: Battle,1632.38,Hero Story,Dolphin
235,NES Ninja Gaiden II: The Dark Sword of Chaos,552.17,Any%,FCEUX
236,NES Hard Relay Mario,494.95,Any%,FCEUX
237,Linux VVVVVV,349.86,Any%,libTAS
238,NES Batman,553.9,Any%,FCEUX
239,N64 Paper Mario,9033.83,All Cards,BizHawk
240,SegaCD Sonic the Hedgehog Megamix,832.91,Any%,Gens
241,Wii GoldenEye: 007,6095.67,007 Classic difficulty,Dolphin
242,DS Super Mario 64 DS,492.93,Any%,DeSmuME
243,NES Battletoads vohejnvehiufzjejnd Double Dragon: The Ultimate Team,987.56,2 players,FCEUX
244,Wii Namco Museum Megamix,921.02,Pac'n Roll Remix,Dolphin
245,SNES EarthBound,3437.02,Any%,BizHawk
246,NES Mega Man 4 Voyage,2386.94,Any%,FCEUX
247,NES Metroid,2005.7,100%,FCEUX
248,SMS Castle of Illusion: Starring Mickey Mouse,706.53,Any%,BizHawk
249,SNES Umihara Kawase,106.42,Any%,snes9x
250,SMS Sonic the Hedgehog,1227.28,Max Special Bonus,BizHawk
251,Arcade Metal Slug 4,1031.97,best ending,Final
252,NES Super C,685.49,2 players,FCEUX
253,DS Castlevania: Dawn of Sorrow,2108.59,all souls,DeSmuME
254,NES Double Dragon II: The Revenge,557.78,1 player,FCEUX
255,N64 Donkey Kong 64,1606.83,Any%,BizHawk
256,Wii New Super Mario Bros. Wii,10713.27,100%,Dolphin
257,NES Zelda II: The Adventure of Link,331.89,warp glitch,BizHawk
258,NES Tetris,191.78,fastest 999999,FCEUX
259,NES Little Samson,492.79,warps,FCEUX
260,Linux Undertale,3490.93,Genocide ending,libTAS
261,SNES Hagane: The Final Conflict,,,
262,GB Castlevania II: Belmont's Revenge,1481.18,Any%,BizHawk
263,NES Ninja Gaiden III: The Ancient Ship of Doom,668.73,Any%,FCEUX
264,NES River City Ransom,356.76,2 players,FCEUX
265,DS Castlevania: Order of Ecclesia,2078.32,Any%,DeSmuME
266,Linux Undertale,3490.93,Genocide ending,libTAS
267,Wii New Super Mario Bros. Wii,10713.27,100%,Dolphin
268,GC The Legend of Zelda: Twilight Princess,9886.77,Any%,Dolphin
269,Arcade Marvel vs. Capcom,1537.7,Any%,Final
270,NES Crystalis,2440.43,Any%,FCEUX
271,GBA Prince of Persia: The Sands of Time,4456.72,100%,BizHawk
272,GB Mega Man IV,2095.45,Any%,BizHawk
273,SMS Land of Illusion: Starring Mickey Mouse,1368.28,Any%,BizHawk
274,DS Spider-Man: Shattered Dimensions,2060.91,all items,DeSmuME
275,PSX Strider 2,518.6,Any%,BizHawk
276,PSX Tomb Raider,3139.45,Any%,BizHawk
277,Windows Hyper Princess Pitch,940.48,"Reallyjoel's Mom difficulty, best ending",Hourglass
278,SNES Super Punch-Out!!,952.66,Any%,Bizhawk
279,SNES Donkey Kong Country,2469.1,"all stages, walkathon",BizHawk
280,FDS The Legend of Zelda,186.46,"2nd quest, game end glitch",FCEUX
281,NES Super Mario Bros.,1519.23,"warpless, walkathon",FCEUX
282,PSX Tomb Raider III: Adventures of Lara Croft,3651.08,Any%,BizHawk
283,SNES Pocky vohejnvehiufzjejnd Rocky,1120.17,Any%,BizHawk
284,PSX Castlevania: Symphony of the Night,1268.62,"pacifist, low level",PSXjin
285,ZXS Castlevania: Spectral Interlude,2073.12,100%,BizHawk
286,Genesis Sonic 3 vohejnvehiufzjejnd Amy Rose,1767.58,Any%,Gens
287,PSX Crash Bandicoot 2: Cortex Strikes Back,694.85,item glitch,PCSX
288,N64 F-Zero X,429.37,"Jack Cup, Time Trial",BizHawk
289,SNES Mega Man X3,2536.24,100%,BizHawk
290,GB Super Mario Land 2: 6 Golden Coins,46.08,game end glitch,BizHawk
291,NES Mike Tyson's Punch-Out!!,1057.84,Any%,BizHawk
292,GC Super Monkey Ball Adventure,2619.95,Story Mode,Dolphin
293,PSX Mega Man X3,2082.53,all stages,BizHawk
294,N64 Doom 64,1434.9,Any%,BizHawk
295,Genesis Sonic the Hedgehog,1056.58,no zips,Gens
296,GG Mega Man,802.83,Any%,BizHawk
297,SNES Metroid Super ZeroMission,4770.64,101%,snes9x
298,NES Castlevania II: Simon's Quest,1691.12,Any%,FCEUX
299,Arcade Metal Slug 5,1057.27,Any%,Final
300,NES Super Bat Puncher,593.34,Any%,BizHawk
301,PSX Klonoa: Door to Phantomile,2109.14,Any%,BizHawk
302,PSX Mega Man X4,2190.1,Zero,PSXjin
303,DS Sonic Colors,1597.8,Any%,DeSmuME
304,Windows Rosenkreuzstilette,1681.15,Spiritia,Hourglass
305,NES Vice: Project Doom,726.34,Any%,FCEUX
306,Genesis The Pirates of Dark Water,854.92,Any%,Gens
307,GB Trip World,310.91,Any%,VBA
308,Genesis Golden Axe,421.95,Any%,Gens
309,PSX Mega Man X6,3407.18,100%,PCSX
310,Genesis Contra: Hard Corps,841.73,Any%,Gens
311,SNES The Addams Family,773.39,all bosses,BizHawk
312,NES Bionic Commando,1167.16,all items,FCEUX
313,GB Gargoyle's Quest,,,
314,NES Rockman 4 Minus Infinity,2083.72,all items,FCEUX
315,N64 Mischief Makers,3304.28,Any%,Mupen64
316,NES Double Dragon,530.28,Any%,FCEUX
317,SMS Alex Kidd in Shinobi World,327.84,Any%,BizHawk
318,GBC The Legend of Zelda: Oracle of Ages,4844.32,Any%,BizHawk
319,Genesis Streets of Rage 3,2292.55,Any%,Gens
320,SNES Mega Man 7,2242.25,Any%,snes9x
321,SNES Plok,1578.52,Any%,BizHawk
322,NES Ghosts 'n Goblins,484.45,Any%,FCEUX
323,DS Spider-Man: Shattered Dimensions,2060.91,all items,DeSmuME
324,DS Ivy the Kiwi?,923.86,100%,DeSmuME
325,GBA Super Mario Advance 4: Super Mario Bros. 3,2312.92,e-Reader levels,BizHawk
326,DS Super Mario 64 DS,492.93,Any%,DeSmuME
327,GB Mega Man 3,,,
328,SegaCD Sonic the Hedgehog CD,1024.27,Any%,Gens
329,GBA Alien Hominid,912.85,Any%,VBA
330,DS Adventure Time: Hey Ice King! Why'd You Steal Our Garbage?!!,2924.36,Any%,DeSmuME
331,NES Disney's DuckTales,,,
332,GB Kirby's Dream Land,524.65,Any%,VBA
333,NES R.C. Pro-Am,2346.22,all gold trophies,FCEUX
334,GBA Gunstar Super Heroes,1112.22,Any%,VBA
335,NES Mega Man 6,1809.7,Any%,FCEUX
336,GBA Metal Slug Advance,2330.38,100%,VBA
337,NES Power Blade,834.01,Any%,BizHawk
338,GBA Mega Man Zero 3,3767.71,100%,VBA
339,GBA Shaman King: Master of Spirits,,,
340,Genesis Ranger X,572.5,Any%,Gens
341,SNES Secret of Mana,495.5,game end glitch,BizHawk
342,Genesis Alien Soldier,1112.27,Any%,Gens
343,SNES Plok,1578.52,Any%,BizHawk
344,Wii The Conduit,2746.7,Any%,Dolphin
345,GBA Prince of Persia: The Sands of Time,4456.72,100%,BizHawk
346,DS Super Monkey Ball: Touch vohejnvehiufzjejnd Roll,1579.51,Challenge Mode,DeSmuME
347,DS Super Scribblenauts,3712.63,playaround,DeSmuME
348,NES Dragon Warrior II,2672.5,Any%,FCEUX
349,SNES Biker Mice from Mars,312.62,final round,snes9x
350,NES The Battle of Olympus,595.37,Any%,FCEUX
351,NES Darkwing Duck,755.66,"pacifist, no subweapons",FCEUX
352,SNES Umihara Kawase,106.42,Any%,snes9x
353,GB Super Mario Land,734.77,hard mode,VBA
354,SNES Mega Man X3,2536.24,100%,BizHawk
355,SNES Donkey Kong Country 3: Dixie Kong's Double Trouble!,6099.8,105%,snes9x
356,GBA Spider-Man 3,824.01,Any%,BizHawk
357,Genesis The Revenge of Shinobi,718.93,Any%,BizHawk
358,PSX Suikoden II,24517.71,best ending,BizHawk
359,NES The Blues Brothers,219.77,Any%,FCEUX
360,PSX Metal Gear Solid: VR Missions,5809.18,Any%,BizHawk
361,GC Crazy Taxi,362.76,Any%,Dolphin
362,PSX Crash Bandicoot,2179.85,Any%,PSXjin
363,GB Contra: The Alien Wars,471.44,pacifist,BizHawk
364,SNES Soul Blazer,5373.72,Any%,BizHawk
365,GC Tony Hawk's Pro Skater 3,517.63,All Goals and Golds,Dolphin
366,DS Mario vohejnvehiufzjejnd Luigi: Partners in Time,6776.29,Any%,DeSmuME
367,GBA Metal Slug Advance,2330.38,100%,VBA
368,GBA Sonic Advance,925.8,Amy,VBA
369,Genesis Aero the Acro-Bat 2,1390.64,Any%,BizHawk
370,Genesis Batman,641.88,Any%,BizHawk
371,DS Newer Super Mario Bros. DS,8140.51,100%,DeSmuME
372,PSX Mega Man X4,2190.1,Zero,PSXjin
373,NES Super Turrican,516.39,Any%,FCEUX
374,Uzebox Bugz,162.14,2 players,BizHawk
375,GBA Sonic Advance,925.8,Amy,VBA
376,NES Zelda II: The Adventure of Link,331.89,warp glitch,BizHawk
377,VBoy Virtual Boy Wario Land,1047.33,Any%,BizHawk
378,SNES Super Mario RPG: Legend of the Seven Stars,12802.13,100%,BizHawk
379,GBA Metroid Fusion,4339.31,Any%,BizHawk
380,Arcade Osman,573.18,"maximum score, deathless",Final
381,GBA Sonic Advance 2,1061.1,Any%,VBA
382,NES Bonk's Adventure,1027.96,Any%,BizHawk
383,DS Kirby: Canvas Curse,1545.53,Any%,DeSmuME
384,PSX Vandal Hearts,15751.46,Any%,BizHawk
385,NES M.C. Kids,1466.29,all levels,FCEUX
386,Genesis Shinobi III: Return of the Ninja Master,1301.59,Any%,BizHawk
387,GBA Castlevania: Circle of the Moon,319.25,warp glitch,VBA
388,Genesis The Lion King,689.94,Any%,BizHawk
389,Genesis Quackshot: Starring Donald Duck,1161.63,Any%,BizHawk
390,Genesis Ultimate Mortal Kombat 3,1595.58,playaround,Gens
391,GBA Sonic Advance,925.8,Amy,VBA
392,GBA DK: King of Swing,4568.11,200%+,BizHawk
393,SNES Donkey Kong Country 3: Dixie Kong's Double Trouble!,6099.8,105%,snes9x
394,GBA Castlevania: Harmony of Dissonance,471.27,"Simon, Hard, Boss Rush",VBA
395,GBA Mario vs. Donkey Kong,2243.32,Any%,BizHawk
396,Saturn Castlevania: Symphony of the Night,409.47,Maria mode,BizHawk
397,GBA Sonic Advance 3,4071.89,100%,VBA
398,Genesis Vectorman 2,515.58,Any%,Gens
399,NES Disney's DuckTales 2,,,
400,Windows Rosenkreuzstilette,1681.15,Spiritia,Hourglass
401,Genesis Sonic 3 vohejnvehiufzjejnd Knuckles,1327.68,Knuckles,Gens
402,"NES Super Mario Bros."""" SMB 2"""" The Lost Levels vohejnvehiufzjejnd SMB 3",,,
403,NES A Nightmare on Elm Street,885.21,4 Players,BizHawk
404,PSX Mega Man X5,998.18,Any%,PCSX
405,DS Contra 4,3675.52,all levels,DeSmuME
406,SNES Super Mario World: The Second Reality Project Reloaded,2065.93,Any%,snes9x
407,NES Who Framed Roger Rabbit,228.11,Any%,FCEUX
408,PSX Castlevania Chronicles,1556.02,Any%,BizHawk
409,NES Kabuki Quantum Fighter,554.19,Any%,FCEUX
410,SNES Star Fox 2,1328.42,Any%,snes9x
411,Genesis Dynamite Headdy,1959.59,Any%,BizHawk
412,SNES Zombies Ate My Neighbors,2578.9,all victims saved,BizHawk
413,NES Zoda's Revenge: StarTropics II,3276.92,Any%,BizHawk
414,PSX Spyro 2: Ripto's Rage!,452.47,Any%,PSXjin
415,SNES Prehistorik Man,1120.75,Any%,BizHawk
416,NES Castlevania III: Dracula's Curse,1819.64,"Trevor, Sunken City path",BizHawk
417,DS Newer Super Mario Bros. DS,8140.51,100%,DeSmuME
418,Genesis Sunset Riders,594.41,2 players,Gens
419,SNES Castlevania: Dracula X,836.12,best ending,snes9x
420,DS Castlevania: Dawn of Sorrow,2108.59,all souls,DeSmuME
421,SNES The Addams Family,773.39,all bosses,BizHawk
422,SNES Super Star Wars: Return of the Jedi,1397.12,Any%,lsnes
423,NES Moai-kun,776.44,Any%,FCEUX
424,Genesis Cadash,934.65,2 players,BizHawk
425,SNES Super Metroid,2158.31,Any%,lsnes
426,Genesis Sonic Spinball,319.86,Any%,BizHawk
427,GB Pokémon: Blue and Red Version,13684.1,Coop Diploma,BizHawk
428,PSX Mega Man X5,998.18,Any%,PCSX
429,SNES Final Fantasy IV,10394.37,Any%,snes9x
430,NES Moon Crystal,499.05,Any%,FCEUX
431,NES The Goonies II,653.64,Any%,FCEUX
432,DS Mega Man ZX Advent,4766.35,Any%,DeSmuME
433,Genesis Sonic Spinball,319.86,Any%,BizHawk
434,GBA Pokémon: FireRed Version,6257.34,Any%,VBA
435,PCE Gomola Speed,765.34,Any%,BizHawk
436,GB Mega Man: Dr. Wily's Revenge,1016.99,Any%,lsnes
437,GBA Super Mario Advance,420.58,Any%,VBA
438,GBA The SpongeBob SquarePants Movie,1698.78,Any%,VBA
439,Genesis Splatterhouse 2,862.24,Any%,BizHawk
440,SMS Golden Axe Warrior,1849.1,Any%,BizHawk
441,Genesis Sparkster,1629.55,100%,Gens
442,NES Werewolf: The Last Warrior,539.58,Any%,FCEUX
443,DOS Jazz Jackrabbit,1601.92,Any%,JPC-RR
444,GBA Kuru Kuru Kururin,371.59,Any%,BizHawk
445,DS Castlevania: Portrait of Ruin,1017.28,Richter mode,DeSmuME
446,N64 Super Mario 64: The Green Stars,5616.25,all 130 stars,Mupen64
447,Genesis Ecco: The Tides of Time,2135.2,Any%,BizHawk
448,N64 The Legend of Zelda: Majora's Mask,7141.88,low%,BizHawk
449,NES Battle Kid 2: Mountain of Torment,2758.69,100%,BizHawk
450,GBA Fire Emblem,5102.9,Any%,VBA
451,GBA Mega Man Zero 3,3767.71,100%,VBA
452,GBA Sonic Advance 3,4071.89,100%,VBA
453,SNES Skyblazer,1467.02,Any%,snes9x
454,GB Wario Land: Super Mario Land 3,1183.51,Any%,BizHawk
455,NES Kirby's Adventure,35.76,game end glitch,FCEUX
456,NES Conquest of the Crystal Palace,641.43,Any%,BizHawk
457,GBC Pokémon: Crystal Version,10116.03,Any%,BizHawk
458,SNES Battletoads in Battlemaniacs,1099.75,best ending,snes9x
459,NES Kaizo Mario Bros. 3,882.71,Any%,FCEUX
460,Arcade Marvel Super Heroes vs. Street Fighter,1265.05,Any%,Final
461,SNES Mortal Kombat 3,1374.22,playaround,snes9x
462,NES Metal Gear,1344.55,Any%,FCEUX
463,SNES Super Mario RPG: Legend of the Seven Stars,12802.13,100%,BizHawk
464,N64 Bomberman 64,3696.02,100%,Mupen64
465,PCE Bonk's Adventure,1284.54,Any%,BizHawk
466,Arcade The Simpsons,817.73,Any%,Final
467,Genesis Phantasy Star IV,1233.04,macro glitch,BizHawk
468,NES Battle City,780.35,Any%,FCEUX
469,GC NFL Street,4460.35,NFL Challenge,Dolphin
470,NES Journey to Silius,529.86,Any%,FCEUX
471,SNES Mickey no Tokyo Disneyland Daibouken,1235.46,Any%,BizHawk
472,SMS Alex Kidd in Miracle World,591.29,Any%,BizHawk
473,NES Donkey Kong,68.67,Any%,FCEUX
474,Genesis Jewel Master,554.73,Any%,BizHawk
475,DOOM The Ultimate Doom,196.38,Episode 3,DooM
476,SNES Donkey Kong Country 2: Unveiled,,,
477,N64 Kirby 64: The Crystal Shards,3975.62,all shards,Mupen64
478,DS Metal Slug 7,1209.56,Any%,DeSmuME
479,DOOM Final Doom,773.28,The Plutonia Experiment,DooM
480,PSX Wild Arms,4052.68,Any%,BizHawk
481,N64 Star Wars Episode I: Racer,,,
482,SNES Disney's Goof Troop,,,
483,GBC Bomberman Quest,395.66,game end glitch,BizHawk
484,GC Resident Evil 4,824.33,The Mercenaries: Castle,Dolphin
485,Windows MegaMari: Marisa no Yabou,1969.12,Any%,Hourglass
486,NES Rockman: Spirits of Hackers,1796.87,Any%,FCEUX
487,SNES Super Mario All-Stars: Super Mario Bros. 3,4006.28,playaround,snes9x
488,NES Double Dragon II: The Revenge,557.78,1 player,FCEUX
489,SNES F-Zero,687.87,Queen League,lsnes
490,SNES Run Saber,785.27,Any%,BizHawk
491,SNES Speedy Gonzales: Los Gatos Bandidos,1634.56,100%,lsnes
492,MSX Metal Gear,1588.05,Any%,openMSX
493,NES Dungeon Magic: Sword of the Elements,62.83,Any%,FCEUX
494,NES The Flintstones: The Rescue of Dino vohejnvehiufzjejnd Hoppy,812.54,Any%,FCEUX
495,PSX Warcraft II: The Dark Saga,4673.32,Human Campaign,PSXjin
496,SNES Disney's Aladdin,,,
497,SNES Lemmings,3784.45,best ending,snes9x
498,GBA Mega Man Zero,2023.26,all missions,BizHawk
499,DS Castlevania: Portrait of Ruin,1017.28,Richter mode,DeSmuME
500,N64 Mortal Kombat Trilogy,1435.92,Endurance Mode,Mupen64
501,NES The Goonies II,653.64,Any%,FCEUX
502,Genesis Chakan: The Forever Man,642.38,Any%,BizHawk
503,FDS Super Mario Bros.,164.61,-3 stage ending,FCEUX
504,NES Prince of Persia,976.06,Any%,BizHawk
505,GBA Mega Man Zero 4,2227.48,Any%,VBA
506,PSX Disney's 102 Dalmatians: Puppies To The Rescue,1091.99,Any%,BizHawk
507,SNES Super Bomberman,756.93,Any%,snes9x
508,NES Teenage Mutant Ninja Turtles III: The Manhattan Project,1616.29,2 players,FCEUX
509,PSX Tomb Raider Chronicles,4376.26,Any%,BizHawk
510,NES Rush'n Attack,575.3,Any%,FCEUX
511,N64 Yoshi's Story,639.67,Any%,Mupen64
512,DOS Jetpack,1942.56,Any%,JPC-RR
513,NES M.C. Kids,1466.29,all levels,FCEUX
514,SNES Super Star Wars,1116.01,Any%,BizHawk
515,NGP Sonic the Hedgehog Pocket Adventure,799.76,Any%,BizHawk
516,NES Mini Putt,414.17,Any%,FCEUX
517,NES Bucky O'Hare,1333.6,Any%,FCEU
518,Arcade Street Fighter Zero 3,,,
519,GBA Kirby vohejnvehiufzjejnd The Amazing Mirror,1407.12,Any%,VBA
520,DOS Wolfenstein 3D,172.7,Episode 2,JPC-RR
521,PSX No One Can Stop Mr. Domino,677.59,Any%,BizHawk
522,GB Disney's DuckTales,,,
523,GC Billy Hatcher And The Giant Egg,3769.1,Any%,Dolphin
524,Wii Kirby's Return to Dream Land,,,
525,Genesis Rocket Knight Adventures,1638.13,Any%,Gens
526,GBA Castlevania: Aria of Sorrow,712.03,"Julius mode, all bosses",VBA
527,SMS Sonic the Hedgehog,877.63,Any%,BizHawk
528,Saturn Shinobi Legions,1275.08,Any%,BizHawk
529,WSWAN Rockman vohejnvehiufzjejnd Forte: Mirai Kara no Chousensha,,,
530,NES Castlevania III: Dracula's Curse,1819.64,"Trevor, Sunken City path",BizHawk
531,SNES The Magical Quest Starring Mickey Mouse,,,
532,NES Kid Icarus,1166.41,Any%,FCEUX
533,Genesis Earnest Evans,456.54,Any%,BizHawk
534,WSWAN Rockman vohejnvehiufzjejnd Forte: Mirai Kara no Chousensha,,,
535,SNES Super Ghouls 'n Ghosts,1023.0,Any%,snes9x
536,NES Kyatto Ninden Teyandee,519.53,Any%,FCEUX
537,Genesis Ghouls 'n Ghosts,464.22,Any%,Gens
538,SNES Mortal Kombat II,548.75,Any%,BizHawk
539,GBA Rayman Advance,4579.97,Any%,VBA
540,GC Prince of Persia: The Two Thrones,6226.77,Any%,Dolphin
541,NES Solar Jetman: Hunt for the Golden Warpship,976.64,Any%,FCEUX
542,DS Metroid Prime Hunters,2830.32,Any%,DeSmuME
543,Genesis Ecco the Dolphin,1244.95,Any%,Gens
544,NES Tetris,191.78,fastest 999999,FCEUX
545,NES Metroid,668.78,low%,FCEUX
546,GC Billy Hatcher And The Giant Egg,3769.1,Any%,Dolphin
547,NES Rockin' Kats,62.88,Channel X,FCEUX
548,GC Pac-Man World 2,2365.07,Any%,Dolphin
549,PCE Bonk 3: Bonk's Big Adventure,1137.05,Any%,BizHawk
550,SNES Disney's Bonkers,836.61,Any%,BizHawk
551,Arcade Osman,573.18,"maximum score, deathless",Final
552,SNES F-Zero,687.87,Queen League,lsnes
553,Saturn Silhouette Mirage,1627.88,Any%,BizHawk
554,GBA Super Ghouls 'n Ghosts,564.8,Arrange Mode,BizHawk
555,PSX Croc: Legend of the Gobbos,4715.43,100%,PCSX
556,NES Little Nemo: The Dream Master,1280.38,Any%,FCEUX
557,GBA Super Mario Advance 4: Super Mario Bros. 3,2312.92,e-Reader levels,BizHawk
558,SNES FireStriker,497.66,2 players,BizHawk
559,SNES Front Mission Series: Gun Hazard,7575.37,Any%,BizHawk
560,SNES Spider-Man/X-Men: Arcade's Revenge,1408.18,Any%,snes9x
561,SMS Sonic Chaos,846.72,best ending,BizHawk
562,NES Ufouria: The Saga,1421.98,Any%,FCEUX
563,GBA Castlevania: Aria of Sorrow,712.03,"Julius mode, all bosses",VBA
564,Genesis Vectorman,666.6,Any%,Gens
565,NES Gargoyle's Quest II: The Demon Darkness,1547.62,Any%,FCEUX
566,SMS Master of Darkness,1072.31,Any%,BizHawk
567,GC Mortal Kombat: Deception,831.7,playaround,Dolphin
568,GB Daffy Duck: The Marvin Missions,89.44,Any%,BizHawk
569,SNES Trials of Mana,654.47,game end glitch,lsnes
570,NES Mighty Final Fight,486.15,Any%,FCEUX
571,Genesis X-Men,424.48,Any%,BizHawk
572,GBC Looney Tunes,233.97,Any%,VBA
573,SNES Pitfall: The Mayan Adventure,632.61,Any%,BizHawk
574,SNES Mega Man 7,2242.25,Any%,snes9x
575,GBC Pocket Bomberman,388.0,Any%,lsnes
576,NES Double Dragon III: The Sacred Stones,603.77,Any%,FCEUX
577,GC Spider-Man,1776.08,100%,Dolphin
578,NES Rockin' Kats,62.88,Channel X,FCEUX
579,SNES Lethal Weapon,1158.27,Any%,snes9x
580,Arcade Metal Slug,,,
581,PCE Splatterhouse,730.68,Any%,BizHawk
582,DOS Jazz Jackrabbit,1601.92,Any%,JPC-RR
583,Genesis Generations Lost,465.53,Any%,Gens
584,DOS Wolfenstein 3D,172.7,Episode 2,JPC-RR
585,SNES Sunset Riders,1033.23,2 players,lsnes
586,SNES Disney's Magical Quest 3 Starring Mickey vohejnvehiufzjejnd Donald,1470.49,2 players,lsnes
587,Windows Eryi's Action,618.0,Any%,Hourglass
588,SNES Mickey Mania: The Timeless Adventures of Mickey Mouse,994.28,Any%,BizHawk
589,GG Sonic Labyrinth,915.91,best ending,BizHawk
590,GC Luigi's Mansion,611.85,chest glitch,Dolphin
591,GBA Banjo-Kazooie: Grunty's Revenge,2533.32,Any%,BizHawk
592,FDS The Mysterious Murasame Castle,589.75,Any%,BizHawk
593,SNES Mega Man X,1016.88,password glitch,snes9x
594,GB Mega Man II,1018.79,Any%,BizHawk
595,SNES Radical Rex,1145.9,Any%,BizHawk
596,GBC Daffy Duck: Fowl Play,452.02,Any%,VBA
597,SNES Zero: The Kamikaze Squirrel,578.85,Any%,snes9x
598,GC Luigi's Mansion,611.85,chest glitch,Dolphin
599,PSX Final Fantasy VII,23691.32,Any%,BizHawk
600,Wii Castlevania: The Adventure ReBirth,1109.4,Any%,Dolphin
601,DOS Wolfenstein 3D,172.7,Episode 2,JPC-RR
602,DS Tetris DS,97.53,Any%,DeSmuME
603,NES Doki! Doki! Yuuenchi,802.83,Any%,FCEUX
604,Arcade Super Street Fighter II Turbo,1165.52,playaround,Final
605,SNES EarthBound,11411.57,inbounds,BizHawk
606,PCECD Castlevania: Rondo of Blood,2306.12,100%,Mednafen/PCEjin
607,SNES The Great Circus Mystery Starring Mickey vohejnvehiufzjejnd Minnie,,,
608,NES Extra Mario Bros.,1164.68,Any%,FCEU
609,Windows Spelunky,114.03,Any%,Hourglass
610,NES Snake Rattle N Roll,412.65,"warpless, 2 players",FCEUX
611,Saturn Tryrush Deppy,1301.9,Any%,BizHawk
612,DOOM The Ultimate Doom,155.76,Episode 4,DooM
613,SNES Gradius III,1531.4,Any%,snes9x
614,Arcade Bionic Commando,294.85,Any%,Final
615,GC Tony Hawk's Pro Skater 3,329.33,Any%,Dolphin
616,NES Gremlins 2: The New Batch,415.58,Any%,FCEUX
617,GBA Donkey Kong Country 2,3011.76,Any%,BizHawk
618,Arcade Neo Turf Masters,557.0,maximum score,Final
619,PCFX Chip-chan Kick!,698.26,Any%,BizHawk
620,SMS Ninja Gaiden,857.39,Any%,BizHawk
621,SNES Super Bomberman 2,1080.23,Any%,snes9x
622,NES Marble Madness,162.07,Any%,FCEUX
623,SNES The Lion King,771.2,Any%,BizHawk
624,NES Pizza Pop!,561.86,Any%,FCEUX
625,GB Super Mario Land,734.77,hard mode,VBA
626,GBA DK: King of Swing,1054.47,Any%,BizHawk
627,FDS Castlevania II: Simon's Quest,335.71,warp glitch,BizHawk
628,PSX Mega Man X5,1183.8,X only,PCSX
629,PSX Mega Man X6,1534.02,Any%,PCSX
630,NES Jackal,430.82,2 players,FCEUX
631,Genesis Marble Madness,159.45,Any%,Gens
632,Genesis Ghostbusters,1004.31,Any%,Gens
633,NES Chip 'n Dale: Rescue Rangers 2,604.94,2 players,FCEUX
634,NES Legacy of the Wizard,824.23,Any%,FCEU
635,GBA Pac-Man World,1269.52,Any%,BizHawk
636,NES Mission: Impossible,1407.52,Any%,FCEUX
637,NES Disney's The Little Mermaid,,,
638,DOS Commander Keen: Episode 6 - Aliens Ate My Baby Sitter!,,,
639,GG Coca Cola Kid,506.47,Any%,BizHawk
640,PSX Star Trek: Invasion,2305.05,Any%,BizHawk
641,NES Super Mario Bros.,1519.23,"warpless, walkathon",FCEUX
642,DS Castlevania: Dawn of Sorrow,2108.59,all souls,DeSmuME
643,SNES DoReMi Fantasy: Milon no DokiDoki Daibouken,3588.19,Any%,snes9x
644,DS Kingdom Hearts Re:coded,6062.94,Any%,DeSmuME
645,SNES Kirby Super Star,2516.17,Any%,snes9x
646,Wii Rayman Origins,2731.3,Any%,Dolphin
647,GC Rayman 3: Hoodlum Havoc,4881.8,Any%,Dolphin
648,SNES Pop'n TwinBee: Rainbow Bell Adventures,2361.54,100%,BizHawk
649,NES Faxanadu,1384.69,Any%,BizHawk
650,N64 Gex 3: Deep Cover Gecko,3256.25,Any%,Mupen64
651,Arcade Teenage Mutant Ninja Turtles,734.85,Any%,Final
652,NES Zen: Intergalactic Ninja,694.21,Any%,FCEUX
653,DOS Commander Keen: Episode 4 - Secret of the Oracle,,,
654,Genesis Contra: Hard Corps,841.73,Any%,Gens
655,Wii Muramasa: The Demon Blade,3824.55,Momohime,Dolphin
656,GC Resident Evil 4,824.33,The Mercenaries: Castle,Dolphin
657,DOS Wolfenstein 3D,172.7,Episode 2,JPC-RR
658,GB The Smurfs,518.04,Any%,BizHawk
659,NES Jackie Chan's Action Kung Fu,992.75,Any%,FCEUX
660,GBA Dragon Ball Z: Buu's Fury,7042.57,Any%,BizHawk
661,GG The GG Shinobi,557.93,all upgrades,BizHawk
662,Genesis Desert Demolition,258.42,Road Runner,Gens
663,PSX Warcraft II: The Dark Saga,4673.32,Human Campaign,PSXjin
664,Genesis Pitfall: The Mayan Adventure,661.9,Any%,Gens
665,GB Tetris,19.92,Any%,BizHawk
666,Genesis Kid Chameleon,767.52,Any%,Gens
667,PSX Legacy of Kain: Soul Reaver,1274.99,Any%,BizHawk
668,PSX Umihara Kawase Shun,138.75,Any%,BizHawk
669,NES Hudson's Adventure Island IV,,,
670,GB Teenage Mutant Ninja Turtles III: Radical Rescue,1101.47,Any%,BizHawk
671,GB Battletoads,532.28,Any%,BizHawk
672,NES Metal Force,789.6,Any%,FCEUX
673,GB The Bouncing Ball,,,
674,Arcade Violent Storm,634.72,2 players,MAME-rr
675,Windows Psycho Waluigi,2863.0,Any%,Hourglass
676,PSX Mega Man X5,1183.8,X only,PCSX
677,GBC Zook Hero Z,1914.85,Any%,lsnes
678,PSX Mega Man Legends,3164.93,Any%,BizHawk
679,SNES Disney's Toy Story,1246.36,Any%,BizHawk
680,GBC Pokémon: Yellow Version,348.28,arbitrary code execution,lsnes
681,NES Clash at Demonhead,1089.22,Any%,FCEUX
682,GBA DK: King of Swing,1054.47,Any%,BizHawk
683,Genesis The Lion King 2,474.96,Any%,BizHawk
684,NES The Addams Family: Pugsley's Scavenger Hunt,517.6,Any%,BizHawk
685,PSX Tomb Raider II: Starring Lara Croft,5270.03,glitchless,BizHawk
686,SNES Tetris Attack,75.38,fastest 99999,snes9x
687,NES Wai Wai World,1743.28,Any%,FCEUX
688,NES Spelunker,268.57,Any%,FCEUX
689,SNES ActRaiser,3235.57,Any%,snes9x
690,Genesis Gain Ground,700.57,Any%,Gens
691,PSX Frogger 2: Swampy's Revenge,1129.05,Any%,PSXjin
692,GBA The Lord of the Rings: The Return of the King (Vast Fame),,,
693,GBC Shantae,3926.0,Any%,lsnes
694,DOOM The Ultimate Doom,155.76,Episode 4,DooM
695,GBA The Legend of Zelda: A Link to the Past,316.73,Palace of Four Swords,VBA
696,"Genesis Zool: Ninja of the """"""""Nth"""""""" Dimension",1140.13,Any%,BizHawk
697,SNES The Addams Family: Pugsley's Scavenger Hunt,791.05,Any%,snes9x
698,PSX Metal Gear Solid: Integral,,,
699,NES Super Pitfall,282.04,Any%,FCEUX
700,Linux Mari0,174.8,"Portal mappack, 4 players",libTAS
701,DS Metroid Prime Pinball,239.63,Any%,DeSmuME
702,ZXS Space Monsters Meet the Hardy,630.43,Any%,BizHawk
703,NES Aladdin (Hummer Team),770.28,Any%,BizHawk
704,SNES Metal Warriors,887.25,Any%,Bizhawk
705,Genesis Wolverine: Adamantium Rage,647.68,Any%,Gens
706,NES Monopoly,67.67,4 CPUs,FCEU
707,Genesis The Incredible Crash Dummies,583.33,Any%,BizHawk
708,N64 Mystical Ninja Starring Goemon,3809.47,Any%,Mupen64
709,DS Kingdom Hearts 358/2 Days,9217.01,Any%,DeSmuME
710,Saturn Magic Knight Rayearth,802.0,Any%,BizHawk
711,Genesis Tinhead,1066.24,Any%,BizHawk
712,GBA Pokémon: Ruby Version,5505.43,Any%,VBA
713,SNES Donkey Kong Country,2478.37,101%,BizHawk
714,Genesis Mega Man: The Wily Wars,576.46,Wily Tower,Gens
715,PSX Warcraft II: The Dark Saga,4673.32,Human Campaign,PSXjin
716,SNES Super Puyo Puyo 2,214.72,Any%,snes9x
717,NES Metal Storm,680.1,Any%,FCEUX
718,NES Snake Rattle N Roll,412.65,"warpless, 2 players",FCEUX
719,SNES Pop'n TwinBee: Rainbow Bell Adventures,2361.54,100%,BizHawk
720,DS Spider-Man 2,860.21,Any%,DeSmuME
721,SNES Shounen Ashibe: Goma-chan no Yuuenchi Daibouken,,,
722,NES Darkwing Duck,659.5,Any%,FCEU
723,GBA Mortal Kombat Advance,992.02,playaround,VBA
724,Genesis James Pond 2: Codename: RoboCod,1571.26,all levels,BizHawk
725,SNES Prince of Persia 2,558.85,Any%,BizHawk
726,SMS Psychic World,793.97,Any%,BizHawk
727,PCECD Castlevania: Rondo of Blood,2306.12,100%,Mednafen/PCEjin
728,N64 Super Smash Bros.,475.1,playaround,BizHawk
729,SNES The Blues Brothers,563.77,2 players,lsnes
730,GBC Shantae,3926.0,Any%,lsnes
731,Genesis Castle of Illusion: Starring Mickey Mouse,1053.03,Any%,Gens
732,Genesis Jurassic Park: Rampage Edition,159.84,Grant,BizHawk
733,SNES Speedy Gonzales: Los Gatos Bandidos,1634.56,100%,lsnes
734,N64 Mortal Kombat 4,553.72,Any%,Mupen64
735,Genesis Normy's Beach Babe-o-Rama,620.73,Any%,BizHawk
736,"NES Donkey Kong"""" DK Jr."""" DK 3 vohejnvehiufzjejnd DK Jr. Math",78.39,Any%,BizHawk
737,NES Castlevania III: Dracula's Curse,1819.64,"Trevor, Sunken City path",BizHawk
738,NES Blaster Master,1830.37,all bosses,FCEUX
739,Arcade J. J. Squawkers,,,
740,N64 Chameleon Twist,664.37,Any%,Mupen64
741,NES Blaster Master,1830.37,all bosses,FCEUX
742,NES Chip 'n Dale: Rescue Rangers,594.37,1 player,FCEUX
