game,category,game+category,TAS_time(seconds),emulator
NES Mega Man 2,Any%,NES Mega Man 2 - Any%,1418.98,FCEUX
GBA Castlevania: Aria of Sorrow,Julius mode all bosses,GBA Castlevania: Aria of Sorrow - Julius mode all bosses,712.03,VBA
GBC Pokémon: Yellow Version,game end glitch,GBC Pokémon: Yellow Version - game end glitch,587.92,BizHawk
SNES Super Mario World 2: Yoshi's Island,100%,SNES Super Mario World 2: Yoshi's Island - 100%,7175.12,snes9x
NES Super Mario Bros. 3,arbitrary code execution,NES Super Mario Bros. 3 - arbitrary code execution,496.23,FCEUX
SNES Super Mario World,all 96 exits,SNES Super Mario World - all 96 exits,4477.63,snes9x
SNES The Legend of Zelda: A Link to the Past,Any%,SNES The Legend of Zelda: A Link to the Past - Any%,4571.05,snes9x
N64 Super Mario 64,all 120 stars,N64 Super Mario 64 - all 120 stars,4841.52,Mupen64
SNES Super Mario World,all 96 exits,SNES Super Mario World - all 96 exits,4477.63,snes9x
N64 Mario Kart 64,Any%,N64 Mario Kart 64 - Any%,1233.32,BizHawk
Genesis Sonic 3 & Knuckles,Knuckles,Genesis Sonic 3 & Knuckles - Knuckles,1327.68,Gens
N64 Super Mario 64,all 120 stars,N64 Super Mario 64 - all 120 stars,4841.52,Mupen64
GC 007: Nightfire,Any%,GC 007: Nightfire - Any%,2022.82,Dolphin
SNES Mega Man & Bass,Mega Man,SNES Mega Man & Bass - Mega Man,1641.47,snes9x
SNES Super Metroid,Any%,SNES Super Metroid - Any%,2158.31,lsnes
Linux Celeste,100%,Linux Celeste - 100%,5256.12,libTAS
SNES Super Mario World,all 96 exits,SNES Super Mario World - all 96 exits,4477.63,snes9x
N64 The Legend of Zelda: Majora's Mask,low%,N64 The Legend of Zelda: Majora's Mask - low%,7141.88,BizHawk
Arcade Metal Slug 3,Any%,Arcade Metal Slug 3 - Any%,1467.8,Final
SNES Super Metroid,Any%,SNES Super Metroid - Any%,2158.31,lsnes
NES Contra,1 player,NES Contra - 1 player,529.45,FCEUX
PSX Castlevania: Symphony of the Night,pacifist low level,PSX Castlevania: Symphony of the Night - pacifist low level,1268.62,PSXjin
N64 F-Zero X,Jack Cup Time Trial,N64 F-Zero X - Jack Cup Time Trial,429.37,BizHawk
NES Super Mario Bros. 2,warpless,NES Super Mario Bros. 2 - warpless,1109.26,FCEUX
GBC The Legend of Zelda: Link's Awakening DX,warp glitch,GBC The Legend of Zelda: Link's Awakening DX - warp glitch,313.06,BizHawk
NES Zelda II: The Adventure of Link,warp glitch,NES Zelda II: The Adventure of Link - warp glitch,331.89,BizHawk
DS Castlevania: Dawn of Sorrow,all souls,DS Castlevania: Dawn of Sorrow - all souls,2108.59,DeSmuME
SNES Donkey Kong Country,all stages walkathon,SNES Donkey Kong Country - all stages walkathon,2469.1,BizHawk
SNES Mega Man & Bass,Mega Man,SNES Mega Man & Bass - Mega Man,1641.47,snes9x
NES Castlevania,pacifist minimalist,NES Castlevania - pacifist minimalist,667.52,BizHawk
SNES Donkey Kong Country 2: Diddy's Kong Quest,Any%,SNES Donkey Kong Country 2: Diddy's Kong Quest - Any%,2249.39,BizHawk
DS Castlevania: Portrait of Ruin,Richter mode,DS Castlevania: Portrait of Ruin - Richter mode,1017.28,DeSmuME
Genesis Crusader of Centy,Any%,Genesis Crusader of Centy - Any%,1750.77,BizHawk
FDS Super Mario Bros. 2,warps Mario,FDS Super Mario Bros. 2 - warps Mario,484.83,FCEUX
NES Super Mario Bros. 3,arbitrary code execution,NES Super Mario Bros. 3 - arbitrary code execution,496.23,FCEUX
Wii Super Smash Bros. Brawl,The Subspace Emissary 1 player,Wii Super Smash Bros. Brawl - The Subspace Emissary 1 player,4205.6,Dolphin
Genesis Sonic 3 & Knuckles,Knuckles,Genesis Sonic 3 & Knuckles - Knuckles,1327.68,Gens
GC Super Mario Sunshine,Any%,GC Super Mario Sunshine - Any%,4112.58,Dolphin
Arcade Magician Lord,Any%,Arcade Magician Lord - Any%,437.73,Final
Genesis Sonic 3 & Knuckles,Knuckles,Genesis Sonic 3 & Knuckles - Knuckles,1327.68,Gens
NES Super Mario Bros.,warpless walkathon,NES Super Mario Bros. - warpless walkathon,1519.23,FCEUX
NES Bionic Commando,Any%,NES Bionic Commando - Any%,745.62,BizHawk
GC Sonic Adventure DX: Director's Cut,Tails,GC Sonic Adventure DX: Director's Cut - Tails,1374.02,Dolphin
N64 The Legend of Zelda: Ocarina of Time,All Dungeons Temples & Ganon Trials,N64 The Legend of Zelda: Ocarina of Time - All Dungeons Temples & Ganon Trials,6149.53,Mupen64
N64 The Legend of Zelda: Ocarina of Time,All Dungeons Temples & Ganon Trials,N64 The Legend of Zelda: Ocarina of Time - All Dungeons Temples & Ganon Trials,6149.53,Mupen64
PSX Tomb Raider,all secrets,PSX Tomb Raider - all secrets,3963.01,BizHawk
DS Castlevania: Portrait of Ruin,Richter mode,DS Castlevania: Portrait of Ruin - Richter mode,1017.28,DeSmuME
NES Contra,2 players,NES Contra - 2 players,517.76,FCEUX
PSX Spyro: Year of the Dragon,117%,PSX Spyro: Year of the Dragon - 117%,8874.15,PSXjin
NES Mega Man 4,Any%,NES Mega Man 4 - Any%,1922.6,FCEUX
GBA Metroid: Zero Mission,low%,GBA Metroid: Zero Mission - low%,2082.27,VBA
NES Battletoads,warpless 1 player,NES Battletoads - warpless 1 player,1298.38,FCEUX
SNES Donkey Kong Country 2: Diddy's Kong Quest,Any%,SNES Donkey Kong Country 2: Diddy's Kong Quest - Any%,2249.39,BizHawk
SNES Tiny Toon Adventures: Buster Busts Loose!,Any%,SNES Tiny Toon Adventures: Buster Busts Loose! - Any%,1128.53,BizHawk
NES Shadow of the Ninja,2 players,NES Shadow of the Ninja - 2 players,505.3,FCEUX
SNES Mega Man & Bass,Mega Man,SNES Mega Man & Bass - Mega Man,1641.47,snes9x
Linux Celeste,100%,Linux Celeste - 100%,5256.12,libTAS
DS New Super Mario Bros.,warpless,DS New Super Mario Bros. - warpless,2374.6,DeSmuME
PSX Tomb Raider II: Starring Lara Croft,glitchless,PSX Tomb Raider II: Starring Lara Croft - glitchless,5270.03,BizHawk
SNES Super Demo World: The Legend Continues,warps,SNES Super Demo World: The Legend Continues - warps,1012.9,lsnes
NES The Legend of Zelda,2nd quest,NES The Legend of Zelda - 2nd quest,1499.83,FCEUX
Windows Cave Story,best ending,Windows Cave Story - best ending,3010.3,Hourglass
Genesis Knuckles in Sonic the Hedgehog 2,ring attack,Genesis Knuckles in Sonic the Hedgehog 2 - ring attack,2701.63,Gens
Windows VVVVVV,game end glitch,Windows VVVVVV - game end glitch,45.33,Hourglass
Arcade Final Fight,Any%,Arcade Final Fight - Any%,811.15,Final
Windows I Wanna Be The Boshy,,Windows I Wanna Be The Boshy - ,,
SNES Super Demo World: The Legend Continues,warps,SNES Super Demo World: The Legend Continues - warps,1012.9,lsnes
NES Super Mario Bros. 3,arbitrary code execution,NES Super Mario Bros. 3 - arbitrary code execution,496.23,FCEUX
N64 The Legend of Zelda: Ocarina of Time,All Dungeons Temples & Ganon Trials,N64 The Legend of Zelda: Ocarina of Time - All Dungeons Temples & Ganon Trials,6149.53,Mupen64
NES Metroid,low%,NES Metroid - low%,668.78,FCEUX
PSX Rayman,Any%,PSX Rayman - Any%,3798.69,BizHawk
N64 Super Mario 64,70 stars no Backwards Long Jump,N64 Super Mario 64 - 70 stars no Backwards Long Jump,2578.52,Mupen64
N64 Bomberman 64,Any%,N64 Bomberman 64 - Any%,1418.55,Mupen64
GBA Dragon Ball: Advanced Adventure,Any%,GBA Dragon Ball: Advanced Adventure - Any%,1947.56,BizHawk
SNES The Legend of Zelda: A Link to the Past,Any%,SNES The Legend of Zelda: A Link to the Past - Any%,4571.05,snes9x
NES Super Mario Bros. 2,warps,NES Super Mario Bros. 2 - warps,461.16,FCEUX
GC Super Monkey Ball,Expert through Master,GC Super Monkey Ball - Expert through Master,775.18,Dolphin
GBA Sonic Advance 2,Knuckles,GBA Sonic Advance 2 - Knuckles,1232.08,VBA
NES Mega Man 2,zipless,NES Mega Man 2 - zipless,1636.17,FCEUX
Genesis Donald in Maui Mallard,,Genesis Donald in Maui Mallard - ,,
Genesis Sonic 3 & Knuckles,Knuckles,Genesis Sonic 3 & Knuckles - Knuckles,1327.68,Gens
NES Battletoads,warpless 1 player,NES Battletoads - warpless 1 player,1298.38,FCEUX
NES Arkanoid,warpless,NES Arkanoid - warpless,671.18,BizHawk
NES Dragon Warrior,Any%,NES Dragon Warrior - Any%,1019.57,FCEUX
PSX Castlevania: Symphony of the Night,pacifist low level,PSX Castlevania: Symphony of the Night - pacifist low level,1268.62,PSXjin
Genesis Sonic 3 & Knuckles,Knuckles,Genesis Sonic 3 & Knuckles - Knuckles,1327.68,Gens
NES Ninja Gaiden,Any%,NES Ninja Gaiden - Any%,650.36,FCEUX
SNES Super Mario World,all 96 exits,SNES Super Mario World - all 96 exits,4477.63,snes9x
Linux Axiom Verge,Any%,Linux Axiom Verge - Any%,1488.86,libTAS
NES The Krion Conquest,Any%,NES The Krion Conquest - Any%,732.74,FCEUX
NES Super Mario Bros. 3,arbitrary code execution,NES Super Mario Bros. 3 - arbitrary code execution,496.23,FCEUX
Genesis The Lost Vikings,Any%,Genesis The Lost Vikings - Any%,1649.34,Gens
SNES Super Mario All-Stars: The Lost Levels,warpless Mario,SNES Super Mario All-Stars: The Lost Levels - warpless Mario,2076.61,BizHawk
SNES Kirby's Dream Land 3,best ending,SNES Kirby's Dream Land 3 - best ending,3841.22,BizHawk
GBA Ninja Five-O,Any%,GBA Ninja Five-O - Any%,966.98,BizHawk
GBA Metroid: Zero Mission,low%,GBA Metroid: Zero Mission - low%,2082.27,VBA
SNES Super Metroid,Any%,SNES Super Metroid - Any%,2158.31,lsnes
SNES The Mask,Any%,SNES The Mask - Any%,326.55,lsnes
GBA Metroid Fusion,Any%,GBA Metroid Fusion - Any%,4339.31,BizHawk
N64 Paper Mario,All Cards,N64 Paper Mario - All Cards,9033.83,BizHawk
SNES International Superstar Soccer Deluxe,playaround,SNES International Superstar Soccer Deluxe - playaround,924.38,snes9x
GC Super Smash Bros. Melee,Adventure Mode,GC Super Smash Bros. Melee - Adventure Mode,522.75,Dolphin
Linux Shovel Knight,King of Cards,Linux Shovel Knight - King of Cards,1630.67,libTAS
GBA Castlevania: Aria of Sorrow,Julius mode all bosses,GBA Castlevania: Aria of Sorrow - Julius mode all bosses,712.03,VBA
PSX Castlevania: Symphony of the Night,pacifist low level,PSX Castlevania: Symphony of the Night - pacifist low level,1268.62,PSXjin
NES Super Mario Bros.,warpless walkathon,NES Super Mario Bros. - warpless walkathon,1519.23,FCEUX
GBA Metroid: Zero Mission,low%,GBA Metroid: Zero Mission - low%,2082.27,VBA
PSX Castlevania: Symphony of the Night,pacifist low level,PSX Castlevania: Symphony of the Night - pacifist low level,1268.62,PSXjin
SNES Kaizo Mario World 3,Any%,SNES Kaizo Mario World 3 - Any%,1031.23,snes9x
GBA Castlevania: Harmony of Dissonance,Simon Hard Boss Rush,GBA Castlevania: Harmony of Dissonance - Simon Hard Boss Rush,471.27,VBA
GC Paper Mario: The Thousand-Year Door,Any%,GC Paper Mario: The Thousand-Year Door - Any%,6429.03,Dolphin
Linux SteamWorld Dig 2,Any%,Linux SteamWorld Dig 2 - Any%,1091.87,libTAS
NES Super C,2 players,NES Super C - 2 players,685.49,FCEUX
SNES Mega Man X2,100%,SNES Mega Man X2 - 100%,1977.64,BizHawk
GBA Sonic Advance,Amy,GBA Sonic Advance - Amy,925.8,VBA
SNES Ultimate Mortal Kombat 3,playaround,SNES Ultimate Mortal Kombat 3 - playaround,1828.38,snes9x
NES Super Mario Bros. 2,warps,NES Super Mario Bros. 2 - warps,461.16,FCEUX
Genesis Sonic the Hedgehog 2,Any%,Genesis Sonic the Hedgehog 2 - Any%,1060.08,Gens
NES Zelda II: The Adventure of Link,warp glitch,NES Zelda II: The Adventure of Link - warp glitch,331.89,BizHawk
SNES Metroid Super ZeroMission,101%,SNES Metroid Super ZeroMission - 101%,4770.64,snes9x
NES Teenage Mutant Ninja Turtles,Any%,NES Teenage Mutant Ninja Turtles - Any%,944.93,BizHawk
NES Mega Man,Any%,NES Mega Man - Any%,585.35,FCEUX
SNES Family Feud,playaround,SNES Family Feud - playaround,406.28,snes9x
Genesis Knuckles in Sonic the Hedgehog,no zips,Genesis Knuckles in Sonic the Hedgehog - no zips,904.28,Gens
NES Gimmick!,Any%,NES Gimmick! - Any%,264.61,FCEUX
N64 Super Smash Bros.,playaround,N64 Super Smash Bros. - playaround,475.1,BizHawk
Genesis Sonic the Hedgehog,no zips,Genesis Sonic the Hedgehog - no zips,1056.58,Gens
SNES Super Mario World 2: Yoshi's Island,100%,SNES Super Mario World 2: Yoshi's Island - 100%,7175.12,snes9x
SNES Mega Man X2,100%,SNES Mega Man X2 - 100%,1977.64,BizHawk
SNES Mega Man X,password glitch,SNES Mega Man X - password glitch,1016.88,snes9x
SNES Super Mario All-Stars: Super Mario Bros. 2,Any%,SNES Super Mario All-Stars: Super Mario Bros. 2 - Any%,436.46,BizHawk
Genesis Michael Jackson's Moonwalker,,Genesis Michael Jackson's Moonwalker - ,,
Genesis Disney's Aladdin,,Genesis Disney's Aladdin - ,,
SMS Lord of the Sword,Any%,SMS Lord of the Sword - Any%,814.82,BizHawk
DS Castlevania: Portrait of Ruin,Richter mode,DS Castlevania: Portrait of Ruin - Richter mode,1017.28,DeSmuME
NES Castlevania,pacifist minimalist,NES Castlevania - pacifist minimalist,667.52,BizHawk
NES The Legend of Zelda,2nd quest,NES The Legend of Zelda - 2nd quest,1499.83,FCEUX
GC Sonic Adventure DX: Director's Cut,Tails,GC Sonic Adventure DX: Director's Cut - Tails,1374.02,Dolphin
GB Mega Man V,Any%,GB Mega Man V - Any%,2361.26,BizHawk
N64 Banjo-Kazooie,100%,N64 Banjo-Kazooie - 100%,7191.92,BizHawk
Linux Braid,,Linux Braid - ,,
PSX Crash Team Racing,Any%,PSX Crash Team Racing - Any%,2704.34,BizHawk
NES Chip 'n Dale: Rescue Rangers 2,2 players,NES Chip 'n Dale: Rescue Rangers 2 - 2 players,604.94,FCEUX
GC Tony Hawk's Underground,Any%,GC Tony Hawk's Underground - Any%,2651.8,Dolphin
GC Resident Evil 4,The Mercenaries: Castle,GC Resident Evil 4 - The Mercenaries: Castle,824.33,Dolphin
NES Castlevania III: Dracula's Curse,Trevor Sunken City path,NES Castlevania III: Dracula's Curse - Trevor Sunken City path,1819.64,BizHawk
GC Sonic Heroes,Team Sonic,GC Sonic Heroes - Team Sonic,2161.23,Dolphin
GBA Double Dragon Advance,,GBA Double Dragon Advance - ,,
NES Contra,2 players,NES Contra - 2 players,517.76,FCEUX
GBA Turok: Evolution,Any%,GBA Turok: Evolution - Any%,1124.83,BizHawk
Genesis Contra: Hard Corps,Any%,Genesis Contra: Hard Corps - Any%,841.73,Gens
GB Donkey Kong,,GB Donkey Kong - ,,
Genesis Sonic 3 & Knuckles,Knuckles,Genesis Sonic 3 & Knuckles - Knuckles,1327.68,Gens
GBA Kao the Kangaroo,Any%,GBA Kao the Kangaroo - Any%,852.3,BizHawk
SNES Super Mario All-Stars: Super Mario Bros. 3,playaround,SNES Super Mario All-Stars: Super Mario Bros. 3 - playaround,4006.28,snes9x
PSX Mega Man X6,100%,PSX Mega Man X6 - 100%,3407.18,PCSX
FDS Arumana no Kiseki,Any%,FDS Arumana no Kiseki - Any%,483.6,FCEUX
NES Super Mario Bros.,warpless walkathon,NES Super Mario Bros. - warpless walkathon,1519.23,FCEUX
GB Contra: The Alien Wars,pacifist,GB Contra: The Alien Wars - pacifist,471.44,BizHawk
Wii Mega Man 9,Any%,Wii Mega Man 9 - Any%,1820.98,Dolphin
GBA Sonic Advance,Amy,GBA Sonic Advance - Amy,925.8,VBA
GC Ikaruga,maximum score,GC Ikaruga - maximum score,1289.4,Dolphin
Wii Mega Man 10,Bass Hard Mode,Wii Mega Man 10 - Bass Hard Mode,1698.25,Dolphin
SNES Chrono Trigger,completionist,SNES Chrono Trigger - completionist,20698.18,snes9x
Genesis Castlevania: Bloodlines,Eric Lecarde,Genesis Castlevania: Bloodlines - Eric Lecarde,1661.93,Gens
Genesis X-Men 2: Clone Wars,Any%,Genesis X-Men 2: Clone Wars - Any%,958.99,BizHawk
SNES Mega Man X & Mega Man X2 & Mega Man X3,300%,SNES Mega Man X & Mega Man X2 & Mega Man X3 - 300%,2631.02,snes9x
Genesis Comix Zone,Any%,Genesis Comix Zone - Any%,518.67,Gens
GBC The Legend of Zelda: Oracle of Seasons,Any%,GBC The Legend of Zelda: Oracle of Seasons - Any%,5157.22,VBA
NES Mega Man 5,Any%,NES Mega Man 5 - Any%,1901.68,FCEUX
SNES Mega Man X,password glitch,SNES Mega Man X - password glitch,1016.88,snes9x
Linux Shovel Knight,King of Cards,Linux Shovel Knight - King of Cards,1630.67,libTAS
Arcade Metal Slug X,Any%,Arcade Metal Slug X - Any%,1112.2,Final
GBA Mega Man Zero,all missions,GBA Mega Man Zero - all missions,2023.26,BizHawk
Genesis Tails in Sonic The Hedgehog,Any%,Genesis Tails in Sonic The Hedgehog - Any%,801.87,Gens
Genesis Knuckles in Sonic the Hedgehog 2,ring attack,Genesis Knuckles in Sonic the Hedgehog 2 - ring attack,2701.63,Gens
NES Castlevania III: Dracula's Curse,Trevor Sunken City path,NES Castlevania III: Dracula's Curse - Trevor Sunken City path,1819.64,BizHawk
DS Castlevania: Order of Ecclesia,Any%,DS Castlevania: Order of Ecclesia - Any%,2078.32,DeSmuME
Linux Shovel Knight,King of Cards,Linux Shovel Knight - King of Cards,1630.67,libTAS
GBA The Legend of Zelda: The Minish Cap,Any%,GBA The Legend of Zelda: The Minish Cap - Any%,6002.18,VBA
N64 The Legend of Zelda: Majora's Mask,low%,N64 The Legend of Zelda: Majora's Mask - low%,7141.88,BizHawk
GC Super Monkey Ball 2,Expert through Master Extra,GC Super Monkey Ball 2 - Expert through Master Extra,863.02,Dolphin
GBA Mega Man Zero 2,Any%,GBA Mega Man Zero 2 - Any%,2987.57,BizHawk
PCE Genpei Touma Den,Any%,PCE Genpei Touma Den - Any%,474.06,BizHawk
GB The Legend of Zelda: Link's Awakening,Any%,GB The Legend of Zelda: Link's Awakening - Any%,228.55,VBA
NES Tiny Toon Adventures,Any%,NES Tiny Toon Adventures - Any%,659.88,BizHawk
GBA Castlevania: Harmony of Dissonance,Simon Hard Boss Rush,GBA Castlevania: Harmony of Dissonance - Simon Hard Boss Rush,471.27,VBA
SNES Contra III: The Alien Wars,pacifist,SNES Contra III: The Alien Wars - pacifist,845.31,snes9x
PSX Castlevania: Symphony of the Night,pacifist low level,PSX Castlevania: Symphony of the Night - pacifist low level,1268.62,PSXjin
Genesis Gunstar Heroes,Any%,Genesis Gunstar Heroes - Any%,1860.33,BizHawk
Genesis Tiny Toon Adventures: Buster's Hidden Treasure,all levels,Genesis Tiny Toon Adventures: Buster's Hidden Treasure - all levels,1614.7,Gens
SNES Super Mario Kart,Any%,SNES Super Mario Kart - Any%,1287.02,snes9x
GBA Castlevania: Aria of Sorrow,Julius mode all bosses,GBA Castlevania: Aria of Sorrow - Julius mode all bosses,712.03,VBA
NES Super C,2 players,NES Super C - 2 players,685.49,FCEUX
Genesis Castlevania: Bloodlines,Eric Lecarde,Genesis Castlevania: Bloodlines - Eric Lecarde,1661.93,Gens
Genesis Streets of Rage 2,Any%,Genesis Streets of Rage 2 - Any%,1378.57,Gens
GBA LEGO Bionicle,Any%,GBA LEGO Bionicle - Any%,427.16,BizHawk
PCE Bonk's Revenge,Any%,PCE Bonk's Revenge - Any%,969.63,BizHawk
PSX Tomb Raider: The Last Revelation,Any%,PSX Tomb Raider: The Last Revelation - Any%,3743.4,BizHawk
SNES Sparkster,Any%,SNES Sparkster - Any%,1081.67,snes9x
N64 Super Smash Bros.,playaround,N64 Super Smash Bros. - playaround,475.1,BizHawk
PSX Crash Bandicoot: Warped,Any%,PSX Crash Bandicoot: Warped - Any%,2340.52,BizHawk
PSX Mega Man 8,Any%,PSX Mega Man 8 - Any%,2826.23,PCSX
PSX Crash Bandicoot: Warped,Any%,PSX Crash Bandicoot: Warped - Any%,2340.52,BizHawk
GB Pac-In-Time,Any%,GB Pac-In-Time - Any%,1651.45,BizHawk
Linux Shovel Knight,King of Cards,Linux Shovel Knight - King of Cards,1630.67,libTAS
N64 Chameleon Twist 2,Any%,N64 Chameleon Twist 2 - Any%,1317.27,Mupen64
NES Gimmick!,Any%,NES Gimmick! - Any%,264.61,FCEUX
NES Mega Man 3,Any%,NES Mega Man 3 - Any%,1821.08,FCEUX
GBA Wario Land 4,Any%,GBA Wario Land 4 - Any%,2404.88,VBA
Arcade Tetris the Absolute: The Grand Master 2 Plus,T.A. Death,Arcade Tetris the Absolute: The Grand Master 2 Plus - T.A. Death,200.02,MAME-rr
Wii Mega Man 10,Bass Hard Mode,Wii Mega Man 10 - Bass Hard Mode,1698.25,Dolphin
NES Donald Land,Any%,NES Donald Land - Any%,516.13,BizHawk
NES Gradius,Any%,NES Gradius - Any%,652.35,FCEU
GC 007: Agent Under Fire,00 Agent,GC 007: Agent Under Fire - 00 Agent,2210.07,Dolphin
SNES Super Turrican,Any%,SNES Super Turrican - Any%,472.06,BizHawk
FDS Super Mario Bros. 2,warps Mario,FDS Super Mario Bros. 2 - warps Mario,484.83,FCEUX
Genesis Sonic 3 & Knuckles,Knuckles,Genesis Sonic 3 & Knuckles - Knuckles,1327.68,Gens
PSX Mega Man X6,100%,PSX Mega Man X6 - 100%,3407.18,PCSX
GBA Mario & Luigi: Superstar Saga,Any%,GBA Mario & Luigi: Superstar Saga - Any%,3559.35,BizHawk
SNES Mega Man X3,100%,SNES Mega Man X3 - 100%,2536.24,BizHawk
GBA Ty the Tasmanian Tiger 2: Bush Rescue,Any%,GBA Ty the Tasmanian Tiger 2: Bush Rescue - Any%,898.41,BizHawk
SNES Super Castlevania IV,Any%,SNES Super Castlevania IV - Any%,1778.08,snes9x
GBA Zook Man ZX4,Any%,GBA Zook Man ZX4 - Any%,1231.36,BizHawk
GBA Super Mario Advance 4: Super Mario Bros. 3,e-Reader levels,GBA Super Mario Advance 4: Super Mario Bros. 3 - e-Reader levels,2312.92,BizHawk
GBA Castlevania: Circle of the Moon,warp glitch,GBA Castlevania: Circle of the Moon - warp glitch,319.25,VBA
DS Brain Age,playaround,DS Brain Age - playaround,393.66,DeSmuME
NES Battletoads,game end glitch,NES Battletoads - game end glitch,55.66,BizHawk
N64 GoldenEye 007,Any%,N64 GoldenEye 007 - Any%,1842.48,Mupen64
NES Dragon Warrior III,item glitch,NES Dragon Warrior III - item glitch,2469.52,FCEUX
NES Excitebike,Any%,NES Excitebike - Any%,329.44,FCEUX
NES The Legend of Zelda,2nd quest,NES The Legend of Zelda - 2nd quest,1499.83,FCEUX
GC Tony Hawk's Underground 2,Classic - Normal,GC Tony Hawk's Underground 2 - Classic - Normal,224.48,Dolphin
PSX Spyro: Year of the Dragon,117%,PSX Spyro: Year of the Dragon - 117%,8874.15,PSXjin
GC Sonic Adventure 2: Battle,Hero Story,GC Sonic Adventure 2: Battle - Hero Story,1632.38,Dolphin
NES Ninja Gaiden II: The Dark Sword of Chaos,Any%,NES Ninja Gaiden II: The Dark Sword of Chaos - Any%,552.17,FCEUX
NES Hard Relay Mario,Any%,NES Hard Relay Mario - Any%,494.95,FCEUX
Linux VVVVVV,Any%,Linux VVVVVV - Any%,349.86,libTAS
NES Batman,Any%,NES Batman - Any%,553.9,FCEUX
N64 Paper Mario,All Cards,N64 Paper Mario - All Cards,9033.83,BizHawk
SegaCD Sonic the Hedgehog Megamix,Any%,SegaCD Sonic the Hedgehog Megamix - Any%,832.91,Gens
Wii GoldenEye: 007,007 Classic difficulty,Wii GoldenEye: 007 - 007 Classic difficulty,6095.67,Dolphin
DS Super Mario 64 DS,Any%,DS Super Mario 64 DS - Any%,492.93,DeSmuME
NES Battletoads & Double Dragon: The Ultimate Team,2 players,NES Battletoads & Double Dragon: The Ultimate Team - 2 players,987.56,FCEUX
Wii Namco Museum Megamix,Pac'n Roll Remix,Wii Namco Museum Megamix - Pac'n Roll Remix,921.02,Dolphin
SNES EarthBound,Any%,SNES EarthBound - Any%,3437.02,BizHawk
NES Mega Man 4 Voyage,Any%,NES Mega Man 4 Voyage - Any%,2386.94,FCEUX
NES Metroid,100%,NES Metroid - 100%,2005.7,FCEUX
SMS Castle of Illusion: Starring Mickey Mouse,Any%,SMS Castle of Illusion: Starring Mickey Mouse - Any%,706.53,BizHawk
SNES Umihara Kawase,Any%,SNES Umihara Kawase - Any%,106.42,snes9x
SMS Sonic the Hedgehog,Max Special Bonus,SMS Sonic the Hedgehog - Max Special Bonus,1227.28,BizHawk
Arcade Metal Slug 4,best ending,Arcade Metal Slug 4 - best ending,1031.97,Final
NES Super C,2 players,NES Super C - 2 players,685.49,FCEUX
DS Castlevania: Dawn of Sorrow,all souls,DS Castlevania: Dawn of Sorrow - all souls,2108.59,DeSmuME
NES Double Dragon II: The Revenge,1 player,NES Double Dragon II: The Revenge - 1 player,557.78,FCEUX
N64 Donkey Kong 64,Any%,N64 Donkey Kong 64 - Any%,1606.83,BizHawk
Wii New Super Mario Bros. Wii,100%,Wii New Super Mario Bros. Wii - 100%,10713.27,Dolphin
NES Zelda II: The Adventure of Link,warp glitch,NES Zelda II: The Adventure of Link - warp glitch,331.89,BizHawk
NES Tetris,fastest 999999,NES Tetris - fastest 999999,191.78,FCEUX
NES Little Samson,warps,NES Little Samson - warps,492.79,FCEUX
Linux Undertale,Genocide ending,Linux Undertale - Genocide ending,3490.93,libTAS
SNES Hagane: The Final Conflict,,SNES Hagane: The Final Conflict - ,,
GB Castlevania II: Belmont's Revenge,Any%,GB Castlevania II: Belmont's Revenge - Any%,1481.18,BizHawk
NES Ninja Gaiden III: The Ancient Ship of Doom,Any%,NES Ninja Gaiden III: The Ancient Ship of Doom - Any%,668.73,FCEUX
NES River City Ransom,2 players,NES River City Ransom - 2 players,356.76,FCEUX
DS Castlevania: Order of Ecclesia,Any%,DS Castlevania: Order of Ecclesia - Any%,2078.32,DeSmuME
Linux Undertale,Genocide ending,Linux Undertale - Genocide ending,3490.93,libTAS
Wii New Super Mario Bros. Wii,100%,Wii New Super Mario Bros. Wii - 100%,10713.27,Dolphin
GC The Legend of Zelda: Twilight Princess,Any%,GC The Legend of Zelda: Twilight Princess - Any%,9886.77,Dolphin
Arcade Marvel vs. Capcom,Any%,Arcade Marvel vs. Capcom - Any%,1537.7,Final
NES Crystalis,Any%,NES Crystalis - Any%,2440.43,FCEUX
GBA Prince of Persia: The Sands of Time,100%,GBA Prince of Persia: The Sands of Time - 100%,4456.72,BizHawk
GB Mega Man IV,Any%,GB Mega Man IV - Any%,2095.45,BizHawk
SMS Land of Illusion: Starring Mickey Mouse,Any%,SMS Land of Illusion: Starring Mickey Mouse - Any%,1368.28,BizHawk
DS Spider-Man: Shattered Dimensions,all items,DS Spider-Man: Shattered Dimensions - all items,2060.91,DeSmuME
PSX Strider 2,Any%,PSX Strider 2 - Any%,518.6,BizHawk
PSX Tomb Raider,Any%,PSX Tomb Raider - Any%,3139.45,BizHawk
Windows Hyper Princess Pitch,Reallyjoel's Mom difficulty best ending,Windows Hyper Princess Pitch - Reallyjoel's Mom difficulty best ending,940.48,Hourglass
SNES Super Punch-Out!!,Any%,SNES Super Punch-Out!! - Any%,952.66,Bizhawk
SNES Donkey Kong Country,all stages walkathon,SNES Donkey Kong Country - all stages walkathon,2469.1,BizHawk
FDS The Legend of Zelda,2nd quest game end glitch,FDS The Legend of Zelda - 2nd quest game end glitch,186.46,FCEUX
NES Super Mario Bros.,warpless walkathon,NES Super Mario Bros. - warpless walkathon,1519.23,FCEUX
PSX Tomb Raider III: Adventures of Lara Croft,Any%,PSX Tomb Raider III: Adventures of Lara Croft - Any%,3651.08,BizHawk
SNES Pocky & Rocky,Any%,SNES Pocky & Rocky - Any%,1120.17,BizHawk
PSX Castlevania: Symphony of the Night,pacifist low level,PSX Castlevania: Symphony of the Night - pacifist low level,1268.62,PSXjin
ZXS Castlevania: Spectral Interlude,100%,ZXS Castlevania: Spectral Interlude - 100%,2073.12,BizHawk
Genesis Sonic 3 & Amy Rose,Any%,Genesis Sonic 3 & Amy Rose - Any%,1767.58,Gens
PSX Crash Bandicoot 2: Cortex Strikes Back,item glitch,PSX Crash Bandicoot 2: Cortex Strikes Back - item glitch,694.85,PCSX
N64 F-Zero X,Jack Cup Time Trial,N64 F-Zero X - Jack Cup Time Trial,429.37,BizHawk
SNES Mega Man X3,100%,SNES Mega Man X3 - 100%,2536.24,BizHawk
GB Super Mario Land 2: 6 Golden Coins,game end glitch,GB Super Mario Land 2: 6 Golden Coins - game end glitch,46.08,BizHawk
NES Mike Tyson's Punch-Out!!,Any%,NES Mike Tyson's Punch-Out!! - Any%,1057.84,BizHawk
GC Super Monkey Ball Adventure,Story Mode,GC Super Monkey Ball Adventure - Story Mode,2619.95,Dolphin
PSX Mega Man X3,all stages,PSX Mega Man X3 - all stages,2082.53,BizHawk
N64 Doom 64,Any%,N64 Doom 64 - Any%,1434.9,BizHawk
Genesis Sonic the Hedgehog,no zips,Genesis Sonic the Hedgehog - no zips,1056.58,Gens
GG Mega Man,Any%,GG Mega Man - Any%,802.83,BizHawk
SNES Metroid Super ZeroMission,101%,SNES Metroid Super ZeroMission - 101%,4770.64,snes9x
NES Castlevania II: Simon's Quest,Any%,NES Castlevania II: Simon's Quest - Any%,1691.12,FCEUX
Arcade Metal Slug 5,Any%,Arcade Metal Slug 5 - Any%,1057.27,Final
NES Super Bat Puncher,Any%,NES Super Bat Puncher - Any%,593.34,BizHawk
PSX Klonoa: Door to Phantomile,Any%,PSX Klonoa: Door to Phantomile - Any%,2109.14,BizHawk
PSX Mega Man X4,Zero,PSX Mega Man X4 - Zero,2190.1,PSXjin
DS Sonic Colors,Any%,DS Sonic Colors - Any%,1597.8,DeSmuME
Windows Rosenkreuzstilette,Spiritia,Windows Rosenkreuzstilette - Spiritia,1681.15,Hourglass
NES Vice: Project Doom,Any%,NES Vice: Project Doom - Any%,726.34,FCEUX
Genesis The Pirates of Dark Water,Any%,Genesis The Pirates of Dark Water - Any%,854.92,Gens
GB Trip World,Any%,GB Trip World - Any%,310.91,VBA
Genesis Golden Axe,Any%,Genesis Golden Axe - Any%,421.95,Gens
PSX Mega Man X6,100%,PSX Mega Man X6 - 100%,3407.18,PCSX
Genesis Contra: Hard Corps,Any%,Genesis Contra: Hard Corps - Any%,841.73,Gens
SNES The Addams Family,all bosses,SNES The Addams Family - all bosses,773.39,BizHawk
NES Bionic Commando,all items,NES Bionic Commando - all items,1167.16,FCEUX
GB Gargoyle's Quest,,GB Gargoyle's Quest - ,,
NES Rockman 4 Minus Infinity,all items,NES Rockman 4 Minus Infinity - all items,2083.72,FCEUX
N64 Mischief Makers,Any%,N64 Mischief Makers - Any%,3304.28,Mupen64
NES Double Dragon,Any%,NES Double Dragon - Any%,530.28,FCEUX
SMS Alex Kidd in Shinobi World,Any%,SMS Alex Kidd in Shinobi World - Any%,327.84,BizHawk
GBC The Legend of Zelda: Oracle of Ages,Any%,GBC The Legend of Zelda: Oracle of Ages - Any%,4844.32,BizHawk
Genesis Streets of Rage 3,Any%,Genesis Streets of Rage 3 - Any%,2292.55,Gens
SNES Mega Man 7,Any%,SNES Mega Man 7 - Any%,2242.25,snes9x
SNES Plok,Any%,SNES Plok - Any%,1578.52,BizHawk
NES Ghosts 'n Goblins,Any%,NES Ghosts 'n Goblins - Any%,484.45,FCEUX
DS Spider-Man: Shattered Dimensions,all items,DS Spider-Man: Shattered Dimensions - all items,2060.91,DeSmuME
DS Ivy the Kiwi?,100%,DS Ivy the Kiwi? - 100%,923.86,DeSmuME
GBA Super Mario Advance 4: Super Mario Bros. 3,e-Reader levels,GBA Super Mario Advance 4: Super Mario Bros. 3 - e-Reader levels,2312.92,BizHawk
DS Super Mario 64 DS,Any%,DS Super Mario 64 DS - Any%,492.93,DeSmuME
GB Mega Man 3,,GB Mega Man 3 - ,,
SegaCD Sonic the Hedgehog CD,Any%,SegaCD Sonic the Hedgehog CD - Any%,1024.27,Gens
GBA Alien Hominid,Any%,GBA Alien Hominid - Any%,912.85,VBA
DS Adventure Time: Hey Ice King! Why'd You Steal Our Garbage?!!,Any%,DS Adventure Time: Hey Ice King! Why'd You Steal Our Garbage?!! - Any%,2924.36,DeSmuME
NES Disney's DuckTales,,NES Disney's DuckTales - ,,
GB Kirby's Dream Land,Any%,GB Kirby's Dream Land - Any%,524.65,VBA
NES R.C. Pro-Am,all gold trophies,NES R.C. Pro-Am - all gold trophies,2346.22,FCEUX
GBA Gunstar Super Heroes,Any%,GBA Gunstar Super Heroes - Any%,1112.22,VBA
NES Mega Man 6,Any%,NES Mega Man 6 - Any%,1809.7,FCEUX
GBA Metal Slug Advance,100%,GBA Metal Slug Advance - 100%,2330.38,VBA
NES Power Blade,Any%,NES Power Blade - Any%,834.01,BizHawk
GBA Mega Man Zero 3,100%,GBA Mega Man Zero 3 - 100%,3767.71,VBA
GBA Shaman King: Master of Spirits,,GBA Shaman King: Master of Spirits - ,,
Genesis Ranger X,Any%,Genesis Ranger X - Any%,572.5,Gens
SNES Secret of Mana,game end glitch,SNES Secret of Mana - game end glitch,495.5,BizHawk
Genesis Alien Soldier,Any%,Genesis Alien Soldier - Any%,1112.27,Gens
SNES Plok,Any%,SNES Plok - Any%,1578.52,BizHawk
Wii The Conduit,Any%,Wii The Conduit - Any%,2746.7,Dolphin
GBA Prince of Persia: The Sands of Time,100%,GBA Prince of Persia: The Sands of Time - 100%,4456.72,BizHawk
DS Super Monkey Ball: Touch & Roll,Challenge Mode,DS Super Monkey Ball: Touch & Roll - Challenge Mode,1579.51,DeSmuME
DS Super Scribblenauts,playaround,DS Super Scribblenauts - playaround,3712.63,DeSmuME
NES Dragon Warrior II,Any%,NES Dragon Warrior II - Any%,2672.5,FCEUX
SNES Biker Mice from Mars,final round,SNES Biker Mice from Mars - final round,312.62,snes9x
NES The Battle of Olympus,Any%,NES The Battle of Olympus - Any%,595.37,FCEUX
NES Darkwing Duck,pacifist no subweapons,NES Darkwing Duck - pacifist no subweapons,755.66,FCEUX
SNES Umihara Kawase,Any%,SNES Umihara Kawase - Any%,106.42,snes9x
GB Super Mario Land,hard mode,GB Super Mario Land - hard mode,734.77,VBA
SNES Mega Man X3,100%,SNES Mega Man X3 - 100%,2536.24,BizHawk
SNES Donkey Kong Country 3: Dixie Kong's Double Trouble!,105%,SNES Donkey Kong Country 3: Dixie Kong's Double Trouble! - 105%,6099.8,snes9x
GBA Spider-Man 3,Any%,GBA Spider-Man 3 - Any%,824.01,BizHawk
Genesis The Revenge of Shinobi,Any%,Genesis The Revenge of Shinobi - Any%,718.93,BizHawk
PSX Suikoden II,best ending,PSX Suikoden II - best ending,24517.71,BizHawk
NES The Blues Brothers,Any%,NES The Blues Brothers - Any%,219.77,FCEUX
PSX Metal Gear Solid: VR Missions,Any%,PSX Metal Gear Solid: VR Missions - Any%,5809.18,BizHawk
GC Crazy Taxi,Any%,GC Crazy Taxi - Any%,362.76,Dolphin
PSX Crash Bandicoot,Any%,PSX Crash Bandicoot - Any%,2179.85,PSXjin
GB Contra: The Alien Wars,pacifist,GB Contra: The Alien Wars - pacifist,471.44,BizHawk
SNES Soul Blazer,Any%,SNES Soul Blazer - Any%,5373.72,BizHawk
GC Tony Hawk's Pro Skater 3,All Goals and Golds,GC Tony Hawk's Pro Skater 3 - All Goals and Golds,517.63,Dolphin
DS Mario & Luigi: Partners in Time,Any%,DS Mario & Luigi: Partners in Time - Any%,6776.29,DeSmuME
GBA Metal Slug Advance,100%,GBA Metal Slug Advance - 100%,2330.38,VBA
GBA Sonic Advance,Amy,GBA Sonic Advance - Amy,925.8,VBA
Genesis Aero the Acro-Bat 2,Any%,Genesis Aero the Acro-Bat 2 - Any%,1390.64,BizHawk
Genesis Batman,Any%,Genesis Batman - Any%,641.88,BizHawk
DS Newer Super Mario Bros. DS,100%,DS Newer Super Mario Bros. DS - 100%,8140.51,DeSmuME
PSX Mega Man X4,Zero,PSX Mega Man X4 - Zero,2190.1,PSXjin
NES Super Turrican,Any%,NES Super Turrican - Any%,516.39,FCEUX
Uzebox Bugz,2 players,Uzebox Bugz - 2 players,162.14,BizHawk
GBA Sonic Advance,Amy,GBA Sonic Advance - Amy,925.8,VBA
NES Zelda II: The Adventure of Link,warp glitch,NES Zelda II: The Adventure of Link - warp glitch,331.89,BizHawk
VBoy Virtual Boy Wario Land,Any%,VBoy Virtual Boy Wario Land - Any%,1047.33,BizHawk
SNES Super Mario RPG: Legend of the Seven Stars,100%,SNES Super Mario RPG: Legend of the Seven Stars - 100%,12802.13,BizHawk
GBA Metroid Fusion,Any%,GBA Metroid Fusion - Any%,4339.31,BizHawk
Arcade Osman,maximum score deathless,Arcade Osman - maximum score deathless,573.18,Final
GBA Sonic Advance 2,Any%,GBA Sonic Advance 2 - Any%,1061.1,VBA
NES Bonk's Adventure,Any%,NES Bonk's Adventure - Any%,1027.96,BizHawk
DS Kirby: Canvas Curse,Any%,DS Kirby: Canvas Curse - Any%,1545.53,DeSmuME
PSX Vandal Hearts,Any%,PSX Vandal Hearts - Any%,15751.46,BizHawk
NES M.C. Kids,all levels,NES M.C. Kids - all levels,1466.29,FCEUX
Genesis Shinobi III: Return of the Ninja Master,Any%,Genesis Shinobi III: Return of the Ninja Master - Any%,1301.59,BizHawk
GBA Castlevania: Circle of the Moon,warp glitch,GBA Castlevania: Circle of the Moon - warp glitch,319.25,VBA
Genesis The Lion King,Any%,Genesis The Lion King - Any%,689.94,BizHawk
Genesis Quackshot: Starring Donald Duck,Any%,Genesis Quackshot: Starring Donald Duck - Any%,1161.63,BizHawk
Genesis Ultimate Mortal Kombat 3,playaround,Genesis Ultimate Mortal Kombat 3 - playaround,1595.58,Gens
GBA Sonic Advance,Amy,GBA Sonic Advance - Amy,925.8,VBA
GBA DK: King of Swing,200%+,GBA DK: King of Swing - 200%+,4568.11,BizHawk
SNES Donkey Kong Country 3: Dixie Kong's Double Trouble!,105%,SNES Donkey Kong Country 3: Dixie Kong's Double Trouble! - 105%,6099.8,snes9x
GBA Castlevania: Harmony of Dissonance,Simon Hard Boss Rush,GBA Castlevania: Harmony of Dissonance - Simon Hard Boss Rush,471.27,VBA
GBA Mario vs. Donkey Kong,Any%,GBA Mario vs. Donkey Kong - Any%,2243.32,BizHawk
Saturn Castlevania: Symphony of the Night,Maria mode,Saturn Castlevania: Symphony of the Night - Maria mode,409.47,BizHawk
GBA Sonic Advance 3,100%,GBA Sonic Advance 3 - 100%,4071.89,VBA
Genesis Vectorman 2,Any%,Genesis Vectorman 2 - Any%,515.58,Gens
NES Disney's DuckTales 2,,NES Disney's DuckTales 2 - ,,
Windows Rosenkreuzstilette,Spiritia,Windows Rosenkreuzstilette - Spiritia,1681.15,Hourglass
Genesis Sonic 3 & Knuckles,Knuckles,Genesis Sonic 3 & Knuckles - Knuckles,1327.68,Gens
"NES Super Mario Bros."""" SMB 2"""" The Lost Levels & SMB 3",,"NES Super Mario Bros."""" SMB 2"""" The Lost Levels & SMB 3 - ",,
NES A Nightmare on Elm Street,4 Players,NES A Nightmare on Elm Street - 4 Players,885.21,BizHawk
PSX Mega Man X5,Any%,PSX Mega Man X5 - Any%,998.18,PCSX
DS Contra 4,all levels,DS Contra 4 - all levels,3675.52,DeSmuME
SNES Super Mario World: The Second Reality Project Reloaded,Any%,SNES Super Mario World: The Second Reality Project Reloaded - Any%,2065.93,snes9x
NES Who Framed Roger Rabbit,Any%,NES Who Framed Roger Rabbit - Any%,228.11,FCEUX
PSX Castlevania Chronicles,Any%,PSX Castlevania Chronicles - Any%,1556.02,BizHawk
NES Kabuki Quantum Fighter,Any%,NES Kabuki Quantum Fighter - Any%,554.19,FCEUX
SNES Star Fox 2,Any%,SNES Star Fox 2 - Any%,1328.42,snes9x
Genesis Dynamite Headdy,Any%,Genesis Dynamite Headdy - Any%,1959.59,BizHawk
SNES Zombies Ate My Neighbors,all victims saved,SNES Zombies Ate My Neighbors - all victims saved,2578.9,BizHawk
NES Zoda's Revenge: StarTropics II,Any%,NES Zoda's Revenge: StarTropics II - Any%,3276.92,BizHawk
PSX Spyro 2: Ripto's Rage!,Any%,PSX Spyro 2: Ripto's Rage! - Any%,452.47,PSXjin
SNES Prehistorik Man,Any%,SNES Prehistorik Man - Any%,1120.75,BizHawk
NES Castlevania III: Dracula's Curse,Trevor Sunken City path,NES Castlevania III: Dracula's Curse - Trevor Sunken City path,1819.64,BizHawk
DS Newer Super Mario Bros. DS,100%,DS Newer Super Mario Bros. DS - 100%,8140.51,DeSmuME
Genesis Sunset Riders,2 players,Genesis Sunset Riders - 2 players,594.41,Gens
SNES Castlevania: Dracula X,best ending,SNES Castlevania: Dracula X - best ending,836.12,snes9x
DS Castlevania: Dawn of Sorrow,all souls,DS Castlevania: Dawn of Sorrow - all souls,2108.59,DeSmuME
SNES The Addams Family,all bosses,SNES The Addams Family - all bosses,773.39,BizHawk
SNES Super Star Wars: Return of the Jedi,Any%,SNES Super Star Wars: Return of the Jedi - Any%,1397.12,lsnes
NES Moai-kun,Any%,NES Moai-kun - Any%,776.44,FCEUX
Genesis Cadash,2 players,Genesis Cadash - 2 players,934.65,BizHawk
SNES Super Metroid,Any%,SNES Super Metroid - Any%,2158.31,lsnes
Genesis Sonic Spinball,Any%,Genesis Sonic Spinball - Any%,319.86,BizHawk
GB Pokémon: Blue and Red Version,Coop Diploma,GB Pokémon: Blue and Red Version - Coop Diploma,13684.1,BizHawk
PSX Mega Man X5,Any%,PSX Mega Man X5 - Any%,998.18,PCSX
SNES Final Fantasy IV,Any%,SNES Final Fantasy IV - Any%,10394.37,snes9x
NES Moon Crystal,Any%,NES Moon Crystal - Any%,499.05,FCEUX
NES The Goonies II,Any%,NES The Goonies II - Any%,653.64,FCEUX
DS Mega Man ZX Advent,Any%,DS Mega Man ZX Advent - Any%,4766.35,DeSmuME
Genesis Sonic Spinball,Any%,Genesis Sonic Spinball - Any%,319.86,BizHawk
GBA Pokémon: FireRed Version,Any%,GBA Pokémon: FireRed Version - Any%,6257.34,VBA
PCE Gomola Speed,Any%,PCE Gomola Speed - Any%,765.34,BizHawk
GB Mega Man: Dr. Wily's Revenge,Any%,GB Mega Man: Dr. Wily's Revenge - Any%,1016.99,lsnes
GBA Super Mario Advance,Any%,GBA Super Mario Advance - Any%,420.58,VBA
GBA The SpongeBob SquarePants Movie,Any%,GBA The SpongeBob SquarePants Movie - Any%,1698.78,VBA
Genesis Splatterhouse 2,Any%,Genesis Splatterhouse 2 - Any%,862.24,BizHawk
SMS Golden Axe Warrior,Any%,SMS Golden Axe Warrior - Any%,1849.1,BizHawk
Genesis Sparkster,100%,Genesis Sparkster - 100%,1629.55,Gens
NES Werewolf: The Last Warrior,Any%,NES Werewolf: The Last Warrior - Any%,539.58,FCEUX
DOS Jazz Jackrabbit,Any%,DOS Jazz Jackrabbit - Any%,1601.92,JPC-RR
GBA Kuru Kuru Kururin,Any%,GBA Kuru Kuru Kururin - Any%,371.59,BizHawk
DS Castlevania: Portrait of Ruin,Richter mode,DS Castlevania: Portrait of Ruin - Richter mode,1017.28,DeSmuME
N64 Super Mario 64: The Green Stars,all 130 stars,N64 Super Mario 64: The Green Stars - all 130 stars,5616.25,Mupen64
Genesis Ecco: The Tides of Time,Any%,Genesis Ecco: The Tides of Time - Any%,2135.2,BizHawk
N64 The Legend of Zelda: Majora's Mask,low%,N64 The Legend of Zelda: Majora's Mask - low%,7141.88,BizHawk
NES Battle Kid 2: Mountain of Torment,100%,NES Battle Kid 2: Mountain of Torment - 100%,2758.69,BizHawk
GBA Fire Emblem,Any%,GBA Fire Emblem - Any%,5102.9,VBA
GBA Mega Man Zero 3,100%,GBA Mega Man Zero 3 - 100%,3767.71,VBA
GBA Sonic Advance 3,100%,GBA Sonic Advance 3 - 100%,4071.89,VBA
SNES Skyblazer,Any%,SNES Skyblazer - Any%,1467.02,snes9x
GB Wario Land: Super Mario Land 3,Any%,GB Wario Land: Super Mario Land 3 - Any%,1183.51,BizHawk
NES Kirby's Adventure,game end glitch,NES Kirby's Adventure - game end glitch,35.76,FCEUX
NES Conquest of the Crystal Palace,Any%,NES Conquest of the Crystal Palace - Any%,641.43,BizHawk
GBC Pokémon: Crystal Version,Any%,GBC Pokémon: Crystal Version - Any%,10116.03,BizHawk
SNES Battletoads in Battlemaniacs,best ending,SNES Battletoads in Battlemaniacs - best ending,1099.75,snes9x
NES Kaizo Mario Bros. 3,Any%,NES Kaizo Mario Bros. 3 - Any%,882.71,FCEUX
Arcade Marvel Super Heroes vs. Street Fighter,Any%,Arcade Marvel Super Heroes vs. Street Fighter - Any%,1265.05,Final
SNES Mortal Kombat 3,playaround,SNES Mortal Kombat 3 - playaround,1374.22,snes9x
NES Metal Gear,Any%,NES Metal Gear - Any%,1344.55,FCEUX
SNES Super Mario RPG: Legend of the Seven Stars,100%,SNES Super Mario RPG: Legend of the Seven Stars - 100%,12802.13,BizHawk
N64 Bomberman 64,100%,N64 Bomberman 64 - 100%,3696.02,Mupen64
PCE Bonk's Adventure,Any%,PCE Bonk's Adventure - Any%,1284.54,BizHawk
Arcade The Simpsons,Any%,Arcade The Simpsons - Any%,817.73,Final
Genesis Phantasy Star IV,macro glitch,Genesis Phantasy Star IV - macro glitch,1233.04,BizHawk
NES Battle City,Any%,NES Battle City - Any%,780.35,FCEUX
GC NFL Street,NFL Challenge,GC NFL Street - NFL Challenge,4460.35,Dolphin
NES Journey to Silius,Any%,NES Journey to Silius - Any%,529.86,FCEUX
SNES Mickey no Tokyo Disneyland Daibouken,Any%,SNES Mickey no Tokyo Disneyland Daibouken - Any%,1235.46,BizHawk
SMS Alex Kidd in Miracle World,Any%,SMS Alex Kidd in Miracle World - Any%,591.29,BizHawk
NES Donkey Kong,Any%,NES Donkey Kong - Any%,68.67,FCEUX
Genesis Jewel Master,Any%,Genesis Jewel Master - Any%,554.73,BizHawk
DOOM The Ultimate Doom,Episode 3,DOOM The Ultimate Doom - Episode 3,196.38,DooM
SNES Donkey Kong Country 2: Unveiled,,SNES Donkey Kong Country 2: Unveiled - ,,
N64 Kirby 64: The Crystal Shards,all shards,N64 Kirby 64: The Crystal Shards - all shards,3975.62,Mupen64
DS Metal Slug 7,Any%,DS Metal Slug 7 - Any%,1209.56,DeSmuME
DOOM Final Doom,The Plutonia Experiment,DOOM Final Doom - The Plutonia Experiment,773.28,DooM
PSX Wild Arms,Any%,PSX Wild Arms - Any%,4052.68,BizHawk
N64 Star Wars Episode I: Racer,,N64 Star Wars Episode I: Racer - ,,
SNES Disney's Goof Troop,,SNES Disney's Goof Troop - ,,
GBC Bomberman Quest,game end glitch,GBC Bomberman Quest - game end glitch,395.66,BizHawk
GC Resident Evil 4,The Mercenaries: Castle,GC Resident Evil 4 - The Mercenaries: Castle,824.33,Dolphin
Windows MegaMari: Marisa no Yabou,Any%,Windows MegaMari: Marisa no Yabou - Any%,1969.12,Hourglass
NES Rockman: Spirits of Hackers,Any%,NES Rockman: Spirits of Hackers - Any%,1796.87,FCEUX
SNES Super Mario All-Stars: Super Mario Bros. 3,playaround,SNES Super Mario All-Stars: Super Mario Bros. 3 - playaround,4006.28,snes9x
NES Double Dragon II: The Revenge,1 player,NES Double Dragon II: The Revenge - 1 player,557.78,FCEUX
SNES F-Zero,Queen League,SNES F-Zero - Queen League,687.87,lsnes
SNES Run Saber,Any%,SNES Run Saber - Any%,785.27,BizHawk
SNES Speedy Gonzales: Los Gatos Bandidos,100%,SNES Speedy Gonzales: Los Gatos Bandidos - 100%,1634.56,lsnes
MSX Metal Gear,Any%,MSX Metal Gear - Any%,1588.05,openMSX
NES Dungeon Magic: Sword of the Elements,Any%,NES Dungeon Magic: Sword of the Elements - Any%,62.83,FCEUX
NES The Flintstones: The Rescue of Dino & Hoppy,Any%,NES The Flintstones: The Rescue of Dino & Hoppy - Any%,812.54,FCEUX
PSX Warcraft II: The Dark Saga,Human Campaign,PSX Warcraft II: The Dark Saga - Human Campaign,4673.32,PSXjin
SNES Disney's Aladdin,,SNES Disney's Aladdin - ,,
SNES Lemmings,best ending,SNES Lemmings - best ending,3784.45,snes9x
GBA Mega Man Zero,all missions,GBA Mega Man Zero - all missions,2023.26,BizHawk
DS Castlevania: Portrait of Ruin,Richter mode,DS Castlevania: Portrait of Ruin - Richter mode,1017.28,DeSmuME
N64 Mortal Kombat Trilogy,Endurance Mode,N64 Mortal Kombat Trilogy - Endurance Mode,1435.92,Mupen64
NES The Goonies II,Any%,NES The Goonies II - Any%,653.64,FCEUX
Genesis Chakan: The Forever Man,Any%,Genesis Chakan: The Forever Man - Any%,642.38,BizHawk
FDS Super Mario Bros.,-3 stage ending,FDS Super Mario Bros. - -3 stage ending,164.61,FCEUX
NES Prince of Persia,Any%,NES Prince of Persia - Any%,976.06,BizHawk
GBA Mega Man Zero 4,Any%,GBA Mega Man Zero 4 - Any%,2227.48,VBA
PSX Disney's 102 Dalmatians: Puppies To The Rescue,Any%,PSX Disney's 102 Dalmatians: Puppies To The Rescue - Any%,1091.99,BizHawk
SNES Super Bomberman,Any%,SNES Super Bomberman - Any%,756.93,snes9x
NES Teenage Mutant Ninja Turtles III: The Manhattan Project,2 players,NES Teenage Mutant Ninja Turtles III: The Manhattan Project - 2 players,1616.29,FCEUX
PSX Tomb Raider Chronicles,Any%,PSX Tomb Raider Chronicles - Any%,4376.26,BizHawk
NES Rush'n Attack,Any%,NES Rush'n Attack - Any%,575.3,FCEUX
N64 Yoshi's Story,Any%,N64 Yoshi's Story - Any%,639.67,Mupen64
DOS Jetpack,Any%,DOS Jetpack - Any%,1942.56,JPC-RR
NES M.C. Kids,all levels,NES M.C. Kids - all levels,1466.29,FCEUX
SNES Super Star Wars,Any%,SNES Super Star Wars - Any%,1116.01,BizHawk
NGP Sonic the Hedgehog Pocket Adventure,Any%,NGP Sonic the Hedgehog Pocket Adventure - Any%,799.76,BizHawk
NES Mini Putt,Any%,NES Mini Putt - Any%,414.17,FCEUX
NES Bucky O'Hare,Any%,NES Bucky O'Hare - Any%,1333.6,FCEU
Arcade Street Fighter Zero 3,,Arcade Street Fighter Zero 3 - ,,
GBA Kirby & The Amazing Mirror,Any%,GBA Kirby & The Amazing Mirror - Any%,1407.12,VBA
DOS Wolfenstein 3D,Episode 2,DOS Wolfenstein 3D - Episode 2,172.7,JPC-RR
PSX No One Can Stop Mr. Domino,Any%,PSX No One Can Stop Mr. Domino - Any%,677.59,BizHawk
GB Disney's DuckTales,,GB Disney's DuckTales - ,,
GC Billy Hatcher And The Giant Egg,Any%,GC Billy Hatcher And The Giant Egg - Any%,3769.1,Dolphin
Wii Kirby's Return to Dream Land,,Wii Kirby's Return to Dream Land - ,,
Genesis Rocket Knight Adventures,Any%,Genesis Rocket Knight Adventures - Any%,1638.13,Gens
GBA Castlevania: Aria of Sorrow,Julius mode all bosses,GBA Castlevania: Aria of Sorrow - Julius mode all bosses,712.03,VBA
SMS Sonic the Hedgehog,Any%,SMS Sonic the Hedgehog - Any%,877.63,BizHawk
Saturn Shinobi Legions,Any%,Saturn Shinobi Legions - Any%,1275.08,BizHawk
WSWAN Rockman & Forte: Mirai Kara no Chousensha,,WSWAN Rockman & Forte: Mirai Kara no Chousensha - ,,
NES Castlevania III: Dracula's Curse,Trevor Sunken City path,NES Castlevania III: Dracula's Curse - Trevor Sunken City path,1819.64,BizHawk
SNES The Magical Quest Starring Mickey Mouse,,SNES The Magical Quest Starring Mickey Mouse - ,,
NES Kid Icarus,Any%,NES Kid Icarus - Any%,1166.41,FCEUX
Genesis Earnest Evans,Any%,Genesis Earnest Evans - Any%,456.54,BizHawk
WSWAN Rockman & Forte: Mirai Kara no Chousensha,,WSWAN Rockman & Forte: Mirai Kara no Chousensha - ,,
SNES Super Ghouls 'n Ghosts,Any%,SNES Super Ghouls 'n Ghosts - Any%,1023.0,snes9x
NES Kyatto Ninden Teyandee,Any%,NES Kyatto Ninden Teyandee - Any%,519.53,FCEUX
Genesis Ghouls 'n Ghosts,Any%,Genesis Ghouls 'n Ghosts - Any%,464.22,Gens
SNES Mortal Kombat II,Any%,SNES Mortal Kombat II - Any%,548.75,BizHawk
GBA Rayman Advance,Any%,GBA Rayman Advance - Any%,4579.97,VBA
GC Prince of Persia: The Two Thrones,Any%,GC Prince of Persia: The Two Thrones - Any%,6226.77,Dolphin
NES Solar Jetman: Hunt for the Golden Warpship,Any%,NES Solar Jetman: Hunt for the Golden Warpship - Any%,976.64,FCEUX
DS Metroid Prime Hunters,Any%,DS Metroid Prime Hunters - Any%,2830.32,DeSmuME
Genesis Ecco the Dolphin,Any%,Genesis Ecco the Dolphin - Any%,1244.95,Gens
NES Tetris,fastest 999999,NES Tetris - fastest 999999,191.78,FCEUX
NES Metroid,low%,NES Metroid - low%,668.78,FCEUX
GC Billy Hatcher And The Giant Egg,Any%,GC Billy Hatcher And The Giant Egg - Any%,3769.1,Dolphin
NES Rockin' Kats,Channel X,NES Rockin' Kats - Channel X,62.88,FCEUX
GC Pac-Man World 2,Any%,GC Pac-Man World 2 - Any%,2365.07,Dolphin
PCE Bonk 3: Bonk's Big Adventure,Any%,PCE Bonk 3: Bonk's Big Adventure - Any%,1137.05,BizHawk
SNES Disney's Bonkers,Any%,SNES Disney's Bonkers - Any%,836.61,BizHawk
Arcade Osman,maximum score deathless,Arcade Osman - maximum score deathless,573.18,Final
SNES F-Zero,Queen League,SNES F-Zero - Queen League,687.87,lsnes
Saturn Silhouette Mirage,Any%,Saturn Silhouette Mirage - Any%,1627.88,BizHawk
GBA Super Ghouls 'n Ghosts,Arrange Mode,GBA Super Ghouls 'n Ghosts - Arrange Mode,564.8,BizHawk
PSX Croc: Legend of the Gobbos,100%,PSX Croc: Legend of the Gobbos - 100%,4715.43,PCSX
NES Little Nemo: The Dream Master,Any%,NES Little Nemo: The Dream Master - Any%,1280.38,FCEUX
GBA Super Mario Advance 4: Super Mario Bros. 3,e-Reader levels,GBA Super Mario Advance 4: Super Mario Bros. 3 - e-Reader levels,2312.92,BizHawk
SNES FireStriker,2 players,SNES FireStriker - 2 players,497.66,BizHawk
SNES Front Mission Series: Gun Hazard,Any%,SNES Front Mission Series: Gun Hazard - Any%,7575.37,BizHawk
SNES Spider-Man/X-Men: Arcade's Revenge,Any%,SNES Spider-Man/X-Men: Arcade's Revenge - Any%,1408.18,snes9x
SMS Sonic Chaos,best ending,SMS Sonic Chaos - best ending,846.72,BizHawk
NES Ufouria: The Saga,Any%,NES Ufouria: The Saga - Any%,1421.98,FCEUX
GBA Castlevania: Aria of Sorrow,Julius mode all bosses,GBA Castlevania: Aria of Sorrow - Julius mode all bosses,712.03,VBA
Genesis Vectorman,Any%,Genesis Vectorman - Any%,666.6,Gens
NES Gargoyle's Quest II: The Demon Darkness,Any%,NES Gargoyle's Quest II: The Demon Darkness - Any%,1547.62,FCEUX
SMS Master of Darkness,Any%,SMS Master of Darkness - Any%,1072.31,BizHawk
GC Mortal Kombat: Deception,playaround,GC Mortal Kombat: Deception - playaround,831.7,Dolphin
GB Daffy Duck: The Marvin Missions,Any%,GB Daffy Duck: The Marvin Missions - Any%,89.44,BizHawk
SNES Trials of Mana,game end glitch,SNES Trials of Mana - game end glitch,654.47,lsnes
NES Mighty Final Fight,Any%,NES Mighty Final Fight - Any%,486.15,FCEUX
Genesis X-Men,Any%,Genesis X-Men - Any%,424.48,BizHawk
GBC Looney Tunes,Any%,GBC Looney Tunes - Any%,233.97,VBA
SNES Pitfall: The Mayan Adventure,Any%,SNES Pitfall: The Mayan Adventure - Any%,632.61,BizHawk
SNES Mega Man 7,Any%,SNES Mega Man 7 - Any%,2242.25,snes9x
GBC Pocket Bomberman,Any%,GBC Pocket Bomberman - Any%,388.0,lsnes
NES Double Dragon III: The Sacred Stones,Any%,NES Double Dragon III: The Sacred Stones - Any%,603.77,FCEUX
GC Spider-Man,100%,GC Spider-Man - 100%,1776.08,Dolphin
NES Rockin' Kats,Channel X,NES Rockin' Kats - Channel X,62.88,FCEUX
SNES Lethal Weapon,Any%,SNES Lethal Weapon - Any%,1158.27,snes9x
Arcade Metal Slug,,Arcade Metal Slug - ,,
PCE Splatterhouse,Any%,PCE Splatterhouse - Any%,730.68,BizHawk
DOS Jazz Jackrabbit,Any%,DOS Jazz Jackrabbit - Any%,1601.92,JPC-RR
Genesis Generations Lost,Any%,Genesis Generations Lost - Any%,465.53,Gens
DOS Wolfenstein 3D,Episode 2,DOS Wolfenstein 3D - Episode 2,172.7,JPC-RR
SNES Sunset Riders,2 players,SNES Sunset Riders - 2 players,1033.23,lsnes
SNES Disney's Magical Quest 3 Starring Mickey & Donald,2 players,SNES Disney's Magical Quest 3 Starring Mickey & Donald - 2 players,1470.49,lsnes
Windows Eryi's Action,Any%,Windows Eryi's Action - Any%,618.0,Hourglass
SNES Mickey Mania: The Timeless Adventures of Mickey Mouse,Any%,SNES Mickey Mania: The Timeless Adventures of Mickey Mouse - Any%,994.28,BizHawk
GG Sonic Labyrinth,best ending,GG Sonic Labyrinth - best ending,915.91,BizHawk
GC Luigi's Mansion,chest glitch,GC Luigi's Mansion - chest glitch,611.85,Dolphin
GBA Banjo-Kazooie: Grunty's Revenge,Any%,GBA Banjo-Kazooie: Grunty's Revenge - Any%,2533.32,BizHawk
FDS The Mysterious Murasame Castle,Any%,FDS The Mysterious Murasame Castle - Any%,589.75,BizHawk
SNES Mega Man X,password glitch,SNES Mega Man X - password glitch,1016.88,snes9x
GB Mega Man II,Any%,GB Mega Man II - Any%,1018.79,BizHawk
SNES Radical Rex,Any%,SNES Radical Rex - Any%,1145.9,BizHawk
GBC Daffy Duck: Fowl Play,Any%,GBC Daffy Duck: Fowl Play - Any%,452.02,VBA
SNES Zero: The Kamikaze Squirrel,Any%,SNES Zero: The Kamikaze Squirrel - Any%,578.85,snes9x
GC Luigi's Mansion,chest glitch,GC Luigi's Mansion - chest glitch,611.85,Dolphin
PSX Final Fantasy VII,Any%,PSX Final Fantasy VII - Any%,23691.32,BizHawk
Wii Castlevania: The Adventure ReBirth,Any%,Wii Castlevania: The Adventure ReBirth - Any%,1109.4,Dolphin
DOS Wolfenstein 3D,Episode 2,DOS Wolfenstein 3D - Episode 2,172.7,JPC-RR
DS Tetris DS,Any%,DS Tetris DS - Any%,97.53,DeSmuME
NES Doki! Doki! Yuuenchi,Any%,NES Doki! Doki! Yuuenchi - Any%,802.83,FCEUX
Arcade Super Street Fighter II Turbo,playaround,Arcade Super Street Fighter II Turbo - playaround,1165.52,Final
SNES EarthBound,inbounds,SNES EarthBound - inbounds,11411.57,BizHawk
PCECD Castlevania: Rondo of Blood,100%,PCECD Castlevania: Rondo of Blood - 100%,2306.12,Mednafen/PCEjin
SNES The Great Circus Mystery Starring Mickey & Minnie,,SNES The Great Circus Mystery Starring Mickey & Minnie - ,,
NES Extra Mario Bros.,Any%,NES Extra Mario Bros. - Any%,1164.68,FCEU
Windows Spelunky,Any%,Windows Spelunky - Any%,114.03,Hourglass
NES Snake Rattle N Roll,warpless 2 players,NES Snake Rattle N Roll - warpless 2 players,412.65,FCEUX
Saturn Tryrush Deppy,Any%,Saturn Tryrush Deppy - Any%,1301.9,BizHawk
DOOM The Ultimate Doom,Episode 4,DOOM The Ultimate Doom - Episode 4,155.76,DooM
SNES Gradius III,Any%,SNES Gradius III - Any%,1531.4,snes9x
Arcade Bionic Commando,Any%,Arcade Bionic Commando - Any%,294.85,Final
GC Tony Hawk's Pro Skater 3,Any%,GC Tony Hawk's Pro Skater 3 - Any%,329.33,Dolphin
NES Gremlins 2: The New Batch,Any%,NES Gremlins 2: The New Batch - Any%,415.58,FCEUX
GBA Donkey Kong Country 2,Any%,GBA Donkey Kong Country 2 - Any%,3011.76,BizHawk
Arcade Neo Turf Masters,maximum score,Arcade Neo Turf Masters - maximum score,557.0,Final
PCFX Chip-chan Kick!,Any%,PCFX Chip-chan Kick! - Any%,698.26,BizHawk
SMS Ninja Gaiden,Any%,SMS Ninja Gaiden - Any%,857.39,BizHawk
SNES Super Bomberman 2,Any%,SNES Super Bomberman 2 - Any%,1080.23,snes9x
NES Marble Madness,Any%,NES Marble Madness - Any%,162.07,FCEUX
SNES The Lion King,Any%,SNES The Lion King - Any%,771.2,BizHawk
NES Pizza Pop!,Any%,NES Pizza Pop! - Any%,561.86,FCEUX
GB Super Mario Land,hard mode,GB Super Mario Land - hard mode,734.77,VBA
GBA DK: King of Swing,Any%,GBA DK: King of Swing - Any%,1054.47,BizHawk
FDS Castlevania II: Simon's Quest,warp glitch,FDS Castlevania II: Simon's Quest - warp glitch,335.71,BizHawk
PSX Mega Man X5,X only,PSX Mega Man X5 - X only,1183.8,PCSX
PSX Mega Man X6,Any%,PSX Mega Man X6 - Any%,1534.02,PCSX
NES Jackal,2 players,NES Jackal - 2 players,430.82,FCEUX
Genesis Marble Madness,Any%,Genesis Marble Madness - Any%,159.45,Gens
Genesis Ghostbusters,Any%,Genesis Ghostbusters - Any%,1004.31,Gens
NES Chip 'n Dale: Rescue Rangers 2,2 players,NES Chip 'n Dale: Rescue Rangers 2 - 2 players,604.94,FCEUX
NES Legacy of the Wizard,Any%,NES Legacy of the Wizard - Any%,824.23,FCEU
GBA Pac-Man World,Any%,GBA Pac-Man World - Any%,1269.52,BizHawk
NES Mission: Impossible,Any%,NES Mission: Impossible - Any%,1407.52,FCEUX
NES Disney's The Little Mermaid,,NES Disney's The Little Mermaid - ,,
DOS Commander Keen: Episode 6 - Aliens Ate My Baby Sitter!,,DOS Commander Keen: Episode 6 - Aliens Ate My Baby Sitter! - ,,
GG Coca Cola Kid,Any%,GG Coca Cola Kid - Any%,506.47,BizHawk
PSX Star Trek: Invasion,Any%,PSX Star Trek: Invasion - Any%,2305.05,BizHawk
NES Super Mario Bros.,warpless walkathon,NES Super Mario Bros. - warpless walkathon,1519.23,FCEUX
DS Castlevania: Dawn of Sorrow,all souls,DS Castlevania: Dawn of Sorrow - all souls,2108.59,DeSmuME
SNES DoReMi Fantasy: Milon no DokiDoki Daibouken,Any%,SNES DoReMi Fantasy: Milon no DokiDoki Daibouken - Any%,3588.19,snes9x
DS Kingdom Hearts Re:coded,Any%,DS Kingdom Hearts Re:coded - Any%,6062.94,DeSmuME
SNES Kirby Super Star,Any%,SNES Kirby Super Star - Any%,2516.17,snes9x
Wii Rayman Origins,Any%,Wii Rayman Origins - Any%,2731.3,Dolphin
GC Rayman 3: Hoodlum Havoc,Any%,GC Rayman 3: Hoodlum Havoc - Any%,4881.8,Dolphin
SNES Pop'n TwinBee: Rainbow Bell Adventures,100%,SNES Pop'n TwinBee: Rainbow Bell Adventures - 100%,2361.54,BizHawk
NES Faxanadu,Any%,NES Faxanadu - Any%,1384.69,BizHawk
N64 Gex 3: Deep Cover Gecko,Any%,N64 Gex 3: Deep Cover Gecko - Any%,3256.25,Mupen64
Arcade Teenage Mutant Ninja Turtles,Any%,Arcade Teenage Mutant Ninja Turtles - Any%,734.85,Final
NES Zen: Intergalactic Ninja,Any%,NES Zen: Intergalactic Ninja - Any%,694.21,FCEUX
DOS Commander Keen: Episode 4 - Secret of the Oracle,,DOS Commander Keen: Episode 4 - Secret of the Oracle - ,,
Genesis Contra: Hard Corps,Any%,Genesis Contra: Hard Corps - Any%,841.73,Gens
Wii Muramasa: The Demon Blade,Momohime,Wii Muramasa: The Demon Blade - Momohime,3824.55,Dolphin
GC Resident Evil 4,The Mercenaries: Castle,GC Resident Evil 4 - The Mercenaries: Castle,824.33,Dolphin
DOS Wolfenstein 3D,Episode 2,DOS Wolfenstein 3D - Episode 2,172.7,JPC-RR
GB The Smurfs,Any%,GB The Smurfs - Any%,518.04,BizHawk
NES Jackie Chan's Action Kung Fu,Any%,NES Jackie Chan's Action Kung Fu - Any%,992.75,FCEUX
GBA Dragon Ball Z: Buu's Fury,Any%,GBA Dragon Ball Z: Buu's Fury - Any%,7042.57,BizHawk
GG The GG Shinobi,all upgrades,GG The GG Shinobi - all upgrades,557.93,BizHawk
Genesis Desert Demolition,Road Runner,Genesis Desert Demolition - Road Runner,258.42,Gens
PSX Warcraft II: The Dark Saga,Human Campaign,PSX Warcraft II: The Dark Saga - Human Campaign,4673.32,PSXjin
Genesis Pitfall: The Mayan Adventure,Any%,Genesis Pitfall: The Mayan Adventure - Any%,661.9,Gens
GB Tetris,Any%,GB Tetris - Any%,19.92,BizHawk
Genesis Kid Chameleon,Any%,Genesis Kid Chameleon - Any%,767.52,Gens
PSX Legacy of Kain: Soul Reaver,Any%,PSX Legacy of Kain: Soul Reaver - Any%,1274.99,BizHawk
PSX Umihara Kawase Shun,Any%,PSX Umihara Kawase Shun - Any%,138.75,BizHawk
NES Hudson's Adventure Island IV,,NES Hudson's Adventure Island IV - ,,
GB Teenage Mutant Ninja Turtles III: Radical Rescue,Any%,GB Teenage Mutant Ninja Turtles III: Radical Rescue - Any%,1101.47,BizHawk
GB Battletoads,Any%,GB Battletoads - Any%,532.28,BizHawk
NES Metal Force,Any%,NES Metal Force - Any%,789.6,FCEUX
GB The Bouncing Ball,,GB The Bouncing Ball - ,,
Arcade Violent Storm,2 players,Arcade Violent Storm - 2 players,634.72,MAME-rr
Windows Psycho Waluigi,Any%,Windows Psycho Waluigi - Any%,2863.0,Hourglass
PSX Mega Man X5,X only,PSX Mega Man X5 - X only,1183.8,PCSX
GBC Zook Hero Z,Any%,GBC Zook Hero Z - Any%,1914.85,lsnes
PSX Mega Man Legends,Any%,PSX Mega Man Legends - Any%,3164.93,BizHawk
SNES Disney's Toy Story,Any%,SNES Disney's Toy Story - Any%,1246.36,BizHawk
GBC Pokémon: Yellow Version,arbitrary code execution,GBC Pokémon: Yellow Version - arbitrary code execution,348.28,lsnes
NES Clash at Demonhead,Any%,NES Clash at Demonhead - Any%,1089.22,FCEUX
GBA DK: King of Swing,Any%,GBA DK: King of Swing - Any%,1054.47,BizHawk
Genesis The Lion King 2,Any%,Genesis The Lion King 2 - Any%,474.96,BizHawk
NES The Addams Family: Pugsley's Scavenger Hunt,Any%,NES The Addams Family: Pugsley's Scavenger Hunt - Any%,517.6,BizHawk
PSX Tomb Raider II: Starring Lara Croft,glitchless,PSX Tomb Raider II: Starring Lara Croft - glitchless,5270.03,BizHawk
SNES Tetris Attack,fastest 99999,SNES Tetris Attack - fastest 99999,75.38,snes9x
NES Wai Wai World,Any%,NES Wai Wai World - Any%,1743.28,FCEUX
NES Spelunker,Any%,NES Spelunker - Any%,268.57,FCEUX
SNES ActRaiser,Any%,SNES ActRaiser - Any%,3235.57,snes9x
Genesis Gain Ground,Any%,Genesis Gain Ground - Any%,700.57,Gens
PSX Frogger 2: Swampy's Revenge,Any%,PSX Frogger 2: Swampy's Revenge - Any%,1129.05,PSXjin
GBA The Lord of the Rings: The Return of the King (Vast Fame),,GBA The Lord of the Rings: The Return of the King (Vast Fame) - ,,
GBC Shantae,Any%,GBC Shantae - Any%,3926.0,lsnes
DOOM The Ultimate Doom,Episode 4,DOOM The Ultimate Doom - Episode 4,155.76,DooM
GBA The Legend of Zelda: A Link to the Past,Palace of Four Swords,GBA The Legend of Zelda: A Link to the Past - Palace of Four Swords,316.73,VBA
"Genesis Zool: Ninja of the """"""""Nth"""""""" Dimension",Any%,"Genesis Zool: Ninja of the """"""""Nth"""""""" Dimension - Any%",1140.13,BizHawk
SNES The Addams Family: Pugsley's Scavenger Hunt,Any%,SNES The Addams Family: Pugsley's Scavenger Hunt - Any%,791.05,snes9x
PSX Metal Gear Solid: Integral,,PSX Metal Gear Solid: Integral - ,,
NES Super Pitfall,Any%,NES Super Pitfall - Any%,282.04,FCEUX
Linux Mari0,Portal mappack 4 players,Linux Mari0 - Portal mappack 4 players,174.8,libTAS
DS Metroid Prime Pinball,Any%,DS Metroid Prime Pinball - Any%,239.63,DeSmuME
ZXS Space Monsters Meet the Hardy,Any%,ZXS Space Monsters Meet the Hardy - Any%,630.43,BizHawk
NES Aladdin (Hummer Team),Any%,NES Aladdin (Hummer Team) - Any%,770.28,BizHawk
SNES Metal Warriors,Any%,SNES Metal Warriors - Any%,887.25,Bizhawk
Genesis Wolverine: Adamantium Rage,Any%,Genesis Wolverine: Adamantium Rage - Any%,647.68,Gens
NES Monopoly,4 CPUs,NES Monopoly - 4 CPUs,67.67,FCEU
Genesis The Incredible Crash Dummies,Any%,Genesis The Incredible Crash Dummies - Any%,583.33,BizHawk
N64 Mystical Ninja Starring Goemon,Any%,N64 Mystical Ninja Starring Goemon - Any%,3809.47,Mupen64
DS Kingdom Hearts 358/2 Days,Any%,DS Kingdom Hearts 358/2 Days - Any%,9217.01,DeSmuME
Saturn Magic Knight Rayearth,Any%,Saturn Magic Knight Rayearth - Any%,802.0,BizHawk
Genesis Tinhead,Any%,Genesis Tinhead - Any%,1066.24,BizHawk
GBA Pokémon: Ruby Version,Any%,GBA Pokémon: Ruby Version - Any%,5505.43,VBA
SNES Donkey Kong Country,101%,SNES Donkey Kong Country - 101%,2478.37,BizHawk
Genesis Mega Man: The Wily Wars,Wily Tower,Genesis Mega Man: The Wily Wars - Wily Tower,576.46,Gens
PSX Warcraft II: The Dark Saga,Human Campaign,PSX Warcraft II: The Dark Saga - Human Campaign,4673.32,PSXjin
SNES Super Puyo Puyo 2,Any%,SNES Super Puyo Puyo 2 - Any%,214.72,snes9x
NES Metal Storm,Any%,NES Metal Storm - Any%,680.1,FCEUX
NES Snake Rattle N Roll,warpless 2 players,NES Snake Rattle N Roll - warpless 2 players,412.65,FCEUX
SNES Pop'n TwinBee: Rainbow Bell Adventures,100%,SNES Pop'n TwinBee: Rainbow Bell Adventures - 100%,2361.54,BizHawk
DS Spider-Man 2,Any%,DS Spider-Man 2 - Any%,860.21,DeSmuME
SNES Shounen Ashibe: Goma-chan no Yuuenchi Daibouken,,SNES Shounen Ashibe: Goma-chan no Yuuenchi Daibouken - ,,
NES Darkwing Duck,Any%,NES Darkwing Duck - Any%,659.5,FCEU
GBA Mortal Kombat Advance,playaround,GBA Mortal Kombat Advance - playaround,992.02,VBA
Genesis James Pond 2: Codename: RoboCod,all levels,Genesis James Pond 2: Codename: RoboCod - all levels,1571.26,BizHawk
SNES Prince of Persia 2,Any%,SNES Prince of Persia 2 - Any%,558.85,BizHawk
SMS Psychic World,Any%,SMS Psychic World - Any%,793.97,BizHawk
PCECD Castlevania: Rondo of Blood,100%,PCECD Castlevania: Rondo of Blood - 100%,2306.12,Mednafen/PCEjin
N64 Super Smash Bros.,playaround,N64 Super Smash Bros. - playaround,475.1,BizHawk
SNES The Blues Brothers,2 players,SNES The Blues Brothers - 2 players,563.77,lsnes
GBC Shantae,Any%,GBC Shantae - Any%,3926.0,lsnes
Genesis Castle of Illusion: Starring Mickey Mouse,Any%,Genesis Castle of Illusion: Starring Mickey Mouse - Any%,1053.03,Gens
Genesis Jurassic Park: Rampage Edition,Grant,Genesis Jurassic Park: Rampage Edition - Grant,159.84,BizHawk
SNES Speedy Gonzales: Los Gatos Bandidos,100%,SNES Speedy Gonzales: Los Gatos Bandidos - 100%,1634.56,lsnes
N64 Mortal Kombat 4,Any%,N64 Mortal Kombat 4 - Any%,553.72,Mupen64
Genesis Normy's Beach Babe-o-Rama,Any%,Genesis Normy's Beach Babe-o-Rama - Any%,620.73,BizHawk
"NES Donkey Kong"""" DK Jr."""" DK 3 & DK Jr. Math",Any%,"NES Donkey Kong"""" DK Jr."""" DK 3 & DK Jr. Math - Any%",78.39,BizHawk
NES Castlevania III: Dracula's Curse,Trevor Sunken City path,NES Castlevania III: Dracula's Curse - Trevor Sunken City path,1819.64,BizHawk
NES Blaster Master,all bosses,NES Blaster Master - all bosses,1830.37,FCEUX
Arcade J. J. Squawkers,,Arcade J. J. Squawkers - ,,
N64 Chameleon Twist,Any%,N64 Chameleon Twist - Any%,664.37,Mupen64
NES Blaster Master,all bosses,NES Blaster Master - all bosses,1830.37,FCEUX
NES Chip 'n Dale: Rescue Rangers,1 player,NES Chip 'n Dale: Rescue Rangers - 1 player,594.37,FCEUX
